Country Name,Country Code,Series,Series Code,1960 [YR1960],1961 [YR1961],1962 [YR1962],1963 [YR1963],1964 [YR1964],1965 [YR1965],1966 [YR1966],1967 [YR1967],1968 [YR1968],1969 [YR1969],1970 [YR1970],1971 [YR1971],1972 [YR1972],1973 [YR1973],1974 [YR1974],1975 [YR1975],1976 [YR1976],1977 [YR1977],1978 [YR1978],1979 [YR1979],1980 [YR1980],1981 [YR1981],1982 [YR1982],1983 [YR1983],1984 [YR1984],1985 [YR1985],1986 [YR1986],1987 [YR1987],1988 [YR1988],1989 [YR1989],1990 [YR1990],1991 [YR1991],1992 [YR1992],1993 [YR1993],1994 [YR1994],1995 [YR1995],1996 [YR1996],1997 [YR1997],1998 [YR1998],1999 [YR1999],2000 [YR2000],2001 [YR2001],2002 [YR2002],2003 [YR2003],2004 [YR2004],2005 [YR2005],2006 [YR2006],2007 [YR2007],2008 [YR2008],2009 [YR2009],2010 [YR2010],2011 [YR2011],2012 [YR2012],2013 [YR2013],2014 [YR2014],2015 [YR2015],2016 [YR2016],2017 [YR2017],2018 [YR2018],2019 [YR2019],2020 [YR2020],2021 [YR2021],2022 [YR2022],2023 [YR2023],2024 [YR2024]
Afghanistan,AFG,"Barro-Lee: Average years of total schooling, age 15+, total",BAR.SCHL.15UP,0.36,..,..,..,..,0.42,..,..,..,..,0.69,..,..,..,..,0.92,..,..,..,..,1.22,..,..,..,..,1.57,..,..,..,..,1.87,..,..,..,..,2.26,..,..,..,..,2.86,..,..,..,..,3.21,..,..,..,..,3.85,..,..,..,..,..,..,..,..,..,..,..,..,..,..
Albania,ALB,"Barro-Lee: Average years of total schooling, age 15+, total",BAR.SCHL.15UP,5.06,..,..,..,..,5.39,..,..,..,..,4.28,..,..,..,..,5.35,..,..,..,..,6.39,..,..,..,..,7.78,..,..,..,..,8.5,..,..,..,..,8.22,..,..,..,..,9.48,..,..,..,..,9.85,..,..,..,..,9.93,..,..,..,..,..,..,..,..,..,..,..,..,..,..
Algeria,DZA,"Barro-Lee: Average years of total schooling, age 15+, total",BAR.SCHL.15UP,0.87,..,..,..,..,1.06,..,..,..,..,1.55,..,..,..,..,2.11,..,..,..,..,2.81,..,..,..,..,3.99,..,..,..,..,4.74,..,..,..,..,5.41,..,..,..,..,5.67,..,..,..,..,5.54,..,..,..,..,6.68,..,..,..,..,..,..,..,..,..,..,..,..,..,..
American Samoa,ASM,"Barro-Lee: Average years of total schooling, age 15+, total",BAR.SCHL.15UP,..,..,..,..,..,..,..,..,..,..,..,..,..,..,..,..,..,..,..,..,..,..,..,..,..,..,..,..,..,..,..,..,..,..,..,..,..,..,..,..,..,..,..,..,..,..,..,..,..,..,..,..,..,..,..,..,..,..,..,..,..,..,..,..,..
Andorra,AND,"Barro-Lee: Average years of total schooling, age 15+, total",BAR.SCHL.15UP,..,..,..,..,..,..,..,..,..,..,..,..,..,..,..,..,..,..,..,..,..,..,..,..,..,..,..,..,..,..,..,..,..,..,..,..,..,..,..,..,..,..,..,..,..,..,..,..,..,..,..,..,..,..,..,..,..,..,..,..,..,..,..,..,..
Angola,AGO,"Barro-Lee: Average years of total schooling, age 15+, total",BAR.SCHL.15UP,..,..,..,..,..,..,..,..,..,..,..,..,..,..,..,..,..,..,..,..,..,..,..,..,..,..,..,..,..,..,..,..,..,..,..,..,..,..,..,..,..,..,..,..,..,..,..,..,..,..,..,..,..,..,..,..,..,..,..,..,..,..,..,..,..
Antigua and Barbuda,ATG,"Barro-Lee: Average years of total schooling, age 15+, total",BAR.SCHL.15UP,..,..,..,..,..,..,..,..,..,..,..,..,..,..,..,..,..,..,..,..,..,..,..,..,..,..,..,..,..,..,..,..,..,..,..,..,..,..,..,..,..,..,..,..,..,..,..,..,..,..,..,..,..,..,..,..,..,..,..,..,..,..,..,..,..
Argentina,ARG,"Barro-Lee: Average years of total schooling, age 15+, total",BAR.SCHL.15UP,5.67,..,..,..,..,5.93,..,..,..,..,6.31,..,..,..,..,6.85,..,..,..,..,7.3,..,..,..,..,7.85,..,..,..,..,8.37,..,..,..,..,8.64,..,..,..,..,8.73,..,..,..,..,9.38,..,..,..,..,9.51,..,..,..,..,..,..,..,..,..,..,..,..,..,..
Armenia,ARM,"Barro-Lee: Average years of total schooling, age 15+, total",BAR.SCHL.15UP,7.97,..,..,..,..,8.18,..,..,..,..,8.46,..,..,..,..,8.85,..,..,..,..,9.44,..,..,..,..,9.99,..,..,..,..,10.4,..,..,..,..,10.43,..,..,..,..,10.44,..,..,..,..,10.5,..,..,..,..,10.73,..,..,..,..,..,..,..,..,..,..,..,..,..,..
Aruba,ABW,"Barro-Lee: Average years of total schooling, age 15+, total",BAR.SCHL.15UP,..,..,..,..,..,..,..,..,..,..,..,..,..,..,..,..,..,..,..,..,..,..,..,..,..,..,..,..,..,..,..,..,..,..,..,..,..,..,..,..,..,..,..,..,..,..,..,..,..,..,..,..,..,..,..,..,..,..,..,..,..,..,..,..,..
Australia,AUS,"Barro-Lee: Average years of total schooling, age 15+, total",BAR.SCHL.15UP,9.29,..,..,..,..,9.61,..,..,..,..,9.7,..,..,..,..,10.52,..,..,..,..,11.2,..,..,..,..,11.2,..,..,..,..,11.18,..,..,..,..,11.2,..,..,..,..,11.07,..,..,..,..,11.38,..,..,..,..,11.54,..,..,..,..,..,..,..,..,..,..,..,..,..,..
Austria,AUT,"Barro-Lee: Average years of total schooling, age 15+, total",BAR.SCHL.15UP,4.13,..,..,..,..,5.31,..,..,..,..,7.4,..,..,..,..,7.7,..,..,..,..,7.89,..,..,..,..,8.11,..,..,..,..,8.36,..,..,..,..,8.81,..,..,..,..,8.97,..,..,..,..,9.29,..,..,..,..,9.6,..,..,..,..,..,..,..,..,..,..,..,..,..,..
Azerbaijan,AZE,"Barro-Lee: Average years of total schooling, age 15+, total",BAR.SCHL.15UP,..,..,..,..,..,..,..,..,..,..,..,..,..,..,..,..,..,..,..,..,..,..,..,..,..,..,..,..,..,..,..,..,..,..,..,..,..,..,..,..,..,..,..,..,..,..,..,..,..,..,..,..,..,..,..,..,..,..,..,..,..,..,..,..,..
"Bahamas, The",BHS,"Barro-Lee: Average years of total schooling, age 15+, total",BAR.SCHL.15UP,..,..,..,..,..,..,..,..,..,..,..,..,..,..,..,..,..,..,..,..,..,..,..,..,..,..,..,..,..,..,..,..,..,..,..,..,..,..,..,..,..,..,..,..,..,..,..,..,..,..,..,..,..,..,..,..,..,..,..,..,..,..,..,..,..
Bahrain,BHR,"Barro-Lee: Average years of total schooling, age 15+, total",BAR.SCHL.15UP,1.25,..,..,..,..,1.74,..,..,..,..,3.08,..,..,..,..,4.02,..,..,..,..,4.93,..,..,..,..,5.65,..,..,..,..,6.54,..,..,..,..,7.1,..,..,..,..,7.48,..,..,..,..,7.19,..,..,..,..,7.06,..,..,..,..,..,..,..,..,..,..,..,..,..,..
Bangladesh,BGD,"Barro-Lee: Average years of total schooling, age 15+, total",BAR.SCHL.15UP,1.02,..,..,..,..,1.25,..,..,..,..,1.38,..,..,..,..,1.57,..,..,..,..,2.25,..,..,..,..,2.82,..,..,..,..,3.13,..,..,..,..,3.68,..,..,..,..,4.48,..,..,..,..,5.24,..,..,..,..,5.91,..,..,..,..,..,..,..,..,..,..,..,..,..,..
Barbados,BRB,"Barro-Lee: Average years of total schooling, age 15+, total",BAR.SCHL.15UP,5.16,..,..,..,..,6.66,..,..,..,..,8.31,..,..,..,..,7.65,..,..,..,..,7.31,..,..,..,..,7.98,..,..,..,..,8.45,..,..,..,..,8.88,..,..,..,..,8.81,..,..,..,..,9.34,..,..,..,..,9.45,..,..,..,..,..,..,..,..,..,..,..,..,..,..
Belarus,BLR,"Barro-Lee: Average years of total schooling, age 15+, total",BAR.SCHL.15UP,..,..,..,..,..,..,..,..,..,..,..,..,..,..,..,..,..,..,..,..,..,..,..,..,..,..,..,..,..,..,..,..,..,..,..,..,..,..,..,..,..,..,..,..,..,..,..,..,..,..,..,..,..,..,..,..,..,..,..,..,..,..,..,..,..
Belgium,BEL,"Barro-Lee: Average years of total schooling, age 15+, total",BAR.SCHL.15UP,6.95,..,..,..,..,7.18,..,..,..,..,7.66,..,..,..,..,8.03,..,..,..,..,8.5,..,..,..,..,8.97,..,..,..,..,9.43,..,..,..,..,10,..,..,..,..,10.29,..,..,..,..,10.59,..,..,..,..,10.69,..,..,..,..,..,..,..,..,..,..,..,..,..,..
Belize,BLZ,"Barro-Lee: Average years of total schooling, age 15+, total",BAR.SCHL.15UP,7.56,..,..,..,..,7.53,..,..,..,..,7.74,..,..,..,..,7.95,..,..,..,..,7.69,..,..,..,..,7.91,..,..,..,..,8.76,..,..,..,..,9.4,..,..,..,..,10.08,..,..,..,..,10.76,..,..,..,..,11.29,..,..,..,..,..,..,..,..,..,..,..,..,..,..
Benin,BEN,"Barro-Lee: Average years of total schooling, age 15+, total",BAR.SCHL.15UP,0.65,..,..,..,..,0.77,..,..,..,..,0.84,..,..,..,..,0.94,..,..,..,..,1.22,..,..,..,..,1.71,..,..,..,..,2.16,..,..,..,..,2.61,..,..,..,..,3.11,..,..,..,..,3.72,..,..,..,..,4.43,..,..,..,..,..,..,..,..,..,..,..,..,..,..
Bermuda,BMU,"Barro-Lee: Average years of total schooling, age 15+, total",BAR.SCHL.15UP,..,..,..,..,..,..,..,..,..,..,..,..,..,..,..,..,..,..,..,..,..,..,..,..,..,..,..,..,..,..,..,..,..,..,..,..,..,..,..,..,..,..,..,..,..,..,..,..,..,..,..,..,..,..,..,..,..,..,..,..,..,..,..,..,..
Bhutan,BTN,"Barro-Lee: Average years of total schooling, age 15+, total",BAR.SCHL.15UP,..,..,..,..,..,..,..,..,..,..,..,..,..,..,..,..,..,..,..,..,..,..,..,..,..,..,..,..,..,..,..,..,..,..,..,..,..,..,..,..,..,..,..,..,..,..,..,..,..,..,..,..,..,..,..,..,..,..,..,..,..,..,..,..,..
Bolivia,BOL,"Barro-Lee: Average years of total schooling, age 15+, total",BAR.SCHL.15UP,3.1,..,..,..,..,3.61,..,..,..,..,4,..,..,..,..,4.6,..,..,..,..,5.48,..,..,..,..,6.38,..,..,..,..,7.26,..,..,..,..,7.83,..,..,..,..,8.29,..,..,..,..,8.49,..,..,..,..,8.25,..,..,..,..,..,..,..,..,..,..,..,..,..,..
Bosnia and Herzegovina,BIH,"Barro-Lee: Average years of total schooling, age 15+, total",BAR.SCHL.15UP,..,..,..,..,..,..,..,..,..,..,..,..,..,..,..,..,..,..,..,..,..,..,..,..,..,..,..,..,..,..,..,..,..,..,..,..,..,..,..,..,..,..,..,..,..,..,..,..,..,..,..,..,..,..,..,..,..,..,..,..,..,..,..,..,..
Botswana,BWA,"Barro-Lee: Average years of total schooling, age 15+, total",BAR.SCHL.15UP,1.32,..,..,..,..,1.53,..,..,..,..,2.14,..,..,..,..,2.74,..,..,..,..,3.12,..,..,..,..,5.29,..,..,..,..,6.86,..,..,..,..,8.24,..,..,..,..,8.82,..,..,..,..,9.22,..,..,..,..,9.55,..,..,..,..,..,..,..,..,..,..,..,..,..,..
Brazil,BRA,"Barro-Lee: Average years of total schooling, age 15+, total",BAR.SCHL.15UP,2.05,..,..,..,..,2.38,..,..,..,..,3.29,..,..,..,..,2.9,..,..,..,..,3.04,..,..,..,..,3.94,..,..,..,..,4.69,..,..,..,..,5.58,..,..,..,..,6.52,..,..,..,..,7.29,..,..,..,..,7.89,..,..,..,..,..,..,..,..,..,..,..,..,..,..
British Virgin Islands,VGB,"Barro-Lee: Average years of total schooling, age 15+, total",BAR.SCHL.15UP,..,..,..,..,..,..,..,..,..,..,..,..,..,..,..,..,..,..,..,..,..,..,..,..,..,..,..,..,..,..,..,..,..,..,..,..,..,..,..,..,..,..,..,..,..,..,..,..,..,..,..,..,..,..,..,..,..,..,..,..,..,..,..,..,..
Brunei Darussalam,BRN,"Barro-Lee: Average years of total schooling, age 15+, total",BAR.SCHL.15UP,2.7,..,..,..,..,3.39,..,..,..,..,4.66,..,..,..,..,5.68,..,..,..,..,6.64,..,..,..,..,7.14,..,..,..,..,7.69,..,..,..,..,7.98,..,..,..,..,8.22,..,..,..,..,8.45,..,..,..,..,8.74,..,..,..,..,..,..,..,..,..,..,..,..,..,..
Bulgaria,BGR,"Barro-Lee: Average years of total schooling, age 15+, total",BAR.SCHL.15UP,6.35,..,..,..,..,6.34,..,..,..,..,6.13,..,..,..,..,7.07,..,..,..,..,7.84,..,..,..,..,8.55,..,..,..,..,8.42,..,..,..,..,8.86,..,..,..,..,9.28,..,..,..,..,10.45,..,..,..,..,11.24,..,..,..,..,..,..,..,..,..,..,..,..,..,..
Burkina Faso,BFA,"Barro-Lee: Average years of total schooling, age 15+, total",BAR.SCHL.15UP,..,..,..,..,..,..,..,..,..,..,..,..,..,..,..,..,..,..,..,..,..,..,..,..,..,..,..,..,..,..,..,..,..,..,..,..,..,..,..,..,..,..,..,..,..,..,..,..,..,..,..,..,..,..,..,..,..,..,..,..,..,..,..,..,..
Burundi,BDI,"Barro-Lee: Average years of total schooling, age 15+, total",BAR.SCHL.15UP,0.66,..,..,..,..,0.8,..,..,..,..,1.06,..,..,..,..,1.28,..,..,..,..,1.45,..,..,..,..,1.54,..,..,..,..,1.74,..,..,..,..,2.18,..,..,..,..,2.56,..,..,..,..,2.88,..,..,..,..,3.35,..,..,..,..,..,..,..,..,..,..,..,..,..,..
Cabo Verde,CPV,"Barro-Lee: Average years of total schooling, age 15+, total",BAR.SCHL.15UP,..,..,..,..,..,..,..,..,..,..,..,..,..,..,..,..,..,..,..,..,..,..,..,..,..,..,..,..,..,..,..,..,..,..,..,..,..,..,..,..,..,..,..,..,..,..,..,..,..,..,..,..,..,..,..,..,..,..,..,..,..,..,..,..,..
Cambodia,KHM,"Barro-Lee: Average years of total schooling, age 15+, total",BAR.SCHL.15UP,1.8,..,..,..,..,2.03,..,..,..,..,1.82,..,..,..,..,2.2,..,..,..,..,2.54,..,..,..,..,2.8,..,..,..,..,3.09,..,..,..,..,3.27,..,..,..,..,3.5,..,..,..,..,4.1,..,..,..,..,4.72,..,..,..,..,..,..,..,..,..,..,..,..,..,..
Cameroon,CMR,"Barro-Lee: Average years of total schooling, age 15+, total",BAR.SCHL.15UP,1.08,..,..,..,..,1.43,..,..,..,..,1.81,..,..,..,..,2.42,..,..,..,..,3.04,..,..,..,..,3.7,..,..,..,..,4.37,..,..,..,..,5,..,..,..,..,5.46,..,..,..,..,5.77,..,..,..,..,6.15,..,..,..,..,..,..,..,..,..,..,..,..,..,..
Canada,CAN,"Barro-Lee: Average years of total schooling, age 15+, total",BAR.SCHL.15UP,8.36,..,..,..,..,8.67,..,..,..,..,9.14,..,..,..,..,9.7,..,..,..,..,10.15,..,..,..,..,9.94,..,..,..,..,10.33,..,..,..,..,10.71,..,..,..,..,10.95,..,..,..,..,12.03,..,..,..,..,12.32,..,..,..,..,..,..,..,..,..,..,..,..,..,..
Cayman Islands,CYM,"Barro-Lee: Average years of total schooling, age 15+, total",BAR.SCHL.15UP,..,..,..,..,..,..,..,..,..,..,..,..,..,..,..,..,..,..,..,..,..,..,..,..,..,..,..,..,..,..,..,..,..,..,..,..,..,..,..,..,..,..,..,..,..,..,..,..,..,..,..,..,..,..,..,..,..,..,..,..,..,..,..,..,..
Central African Republic,CAF,"Barro-Lee: Average years of total schooling, age 15+, total",BAR.SCHL.15UP,0.41,..,..,..,..,0.54,..,..,..,..,0.82,..,..,..,..,1.15,..,..,..,..,1.66,..,..,..,..,2.06,..,..,..,..,2.67,..,..,..,..,2.99,..,..,..,..,3.29,..,..,..,..,3.55,..,..,..,..,3.76,..,..,..,..,..,..,..,..,..,..,..,..,..,..
Chad,TCD,"Barro-Lee: Average years of total schooling, age 15+, total",BAR.SCHL.15UP,..,..,..,..,..,..,..,..,..,..,..,..,..,..,..,..,..,..,..,..,..,..,..,..,..,..,..,..,..,..,..,..,..,..,..,..,..,..,..,..,..,..,..,..,..,..,..,..,..,..,..,..,..,..,..,..,..,..,..,..,..,..,..,..,..
Channel Islands,CHI,"Barro-Lee: Average years of total schooling, age 15+, total",BAR.SCHL.15UP,..,..,..,..,..,..,..,..,..,..,..,..,..,..,..,..,..,..,..,..,..,..,..,..,..,..,..,..,..,..,..,..,..,..,..,..,..,..,..,..,..,..,..,..,..,..,..,..,..,..,..,..,..,..,..,..,..,..,..,..,..,..,..,..,..
Chile,CHL,"Barro-Lee: Average years of total schooling, age 15+, total",BAR.SCHL.15UP,5.22,..,..,..,..,5.65,..,..,..,..,6.09,..,..,..,..,6.57,..,..,..,..,6.95,..,..,..,..,7.65,..,..,..,..,8.36,..,..,..,..,8.78,..,..,..,..,9.07,..,..,..,..,9.67,..,..,..,..,9.78,..,..,..,..,..,..,..,..,..,..,..,..,..,..
China,CHN,"Barro-Lee: Average years of total schooling, age 15+, total",BAR.SCHL.15UP,2.34,..,..,..,..,2.78,..,..,..,..,3.58,..,..,..,..,4.1,..,..,..,..,4.86,..,..,..,..,5.31,..,..,..,..,5.59,..,..,..,..,6.32,..,..,..,..,6.93,..,..,..,..,7.29,..,..,..,..,7.51,..,..,..,..,..,..,..,..,..,..,..,..,..,..
Colombia,COL,"Barro-Lee: Average years of total schooling, age 15+, total",BAR.SCHL.15UP,3.07,..,..,..,..,3.43,..,..,..,..,3.91,..,..,..,..,4.36,..,..,..,..,4.89,..,..,..,..,5.49,..,..,..,..,5.99,..,..,..,..,6.47,..,..,..,..,6.9,..,..,..,..,7.06,..,..,..,..,8.95,..,..,..,..,..,..,..,..,..,..,..,..,..,..
Comoros,COM,"Barro-Lee: Average years of total schooling, age 15+, total",BAR.SCHL.15UP,..,..,..,..,..,..,..,..,..,..,..,..,..,..,..,..,..,..,..,..,..,..,..,..,..,..,..,..,..,..,..,..,..,..,..,..,..,..,..,..,..,..,..,..,..,..,..,..,..,..,..,..,..,..,..,..,..,..,..,..,..,..,..,..,..
"Congo, Dem. Rep.",COD,"Barro-Lee: Average years of total schooling, age 15+, total",BAR.SCHL.15UP,0.81,..,..,..,..,0.96,..,..,..,..,1.23,..,..,..,..,1.55,..,..,..,..,2.06,..,..,..,..,2.75,..,..,..,..,3.18,..,..,..,..,3.37,..,..,..,..,3.37,..,..,..,..,3.49,..,..,..,..,3.66,..,..,..,..,..,..,..,..,..,..,..,..,..,..
"Congo, Rep.",COG,"Barro-Lee: Average years of total schooling, age 15+, total",BAR.SCHL.15UP,1.14,..,..,..,..,1.61,..,..,..,..,2.09,..,..,..,..,3.28,..,..,..,..,4.17,..,..,..,..,4.97,..,..,..,..,5.37,..,..,..,..,5.62,..,..,..,..,5.67,..,..,..,..,5.77,..,..,..,..,5.94,..,..,..,..,..,..,..,..,..,..,..,..,..,..
Costa Rica,CRI,"Barro-Lee: Average years of total schooling, age 15+, total",BAR.SCHL.15UP,3.93,..,..,..,..,4.12,..,..,..,..,3.94,..,..,..,..,5.15,..,..,..,..,6.11,..,..,..,..,6.7,..,..,..,..,7.11,..,..,..,..,7.42,..,..,..,..,7.7,..,..,..,..,8.12,..,..,..,..,7.97,..,..,..,..,..,..,..,..,..,..,..,..,..,..
Cote d'Ivoire,CIV,"Barro-Lee: Average years of total schooling, age 15+, total",BAR.SCHL.15UP,0.93,..,..,..,..,1.04,..,..,..,..,1.29,..,..,..,..,1.71,..,..,..,..,2.06,..,..,..,..,2.37,..,..,..,..,2.69,..,..,..,..,3.3,..,..,..,..,3.87,..,..,..,..,4.26,..,..,..,..,4.65,..,..,..,..,..,..,..,..,..,..,..,..,..,..
Croatia,HRV,"Barro-Lee: Average years of total schooling, age 15+, total",BAR.SCHL.15UP,5.2,..,..,..,..,5.54,..,..,..,..,7.06,..,..,..,..,7.63,..,..,..,..,8.04,..,..,..,..,8.44,..,..,..,..,8.57,..,..,..,..,9.08,..,..,..,..,9.71,..,..,..,..,10.58,..,..,..,..,11.3,..,..,..,..,..,..,..,..,..,..,..,..,..,..
Cuba,CUB,"Barro-Lee: Average years of total schooling, age 15+, total",BAR.SCHL.15UP,4.17,..,..,..,..,4.76,..,..,..,..,5.3,..,..,..,..,6.23,..,..,..,..,8.06,..,..,..,..,8.09,..,..,..,..,8.54,..,..,..,..,8.8,..,..,..,..,8.91,..,..,..,..,9.51,..,..,..,..,10.16,..,..,..,..,..,..,..,..,..,..,..,..,..,..
Curacao,CUW,"Barro-Lee: Average years of total schooling, age 15+, total",BAR.SCHL.15UP,..,..,..,..,..,..,..,..,..,..,..,..,..,..,..,..,..,..,..,..,..,..,..,..,..,..,..,..,..,..,..,..,..,..,..,..,..,..,..,..,..,..,..,..,..,..,..,..,..,..,..,..,..,..,..,..,..,..,..,..,..,..,..,..,..
Cyprus,CYP,"Barro-Lee: Average years of total schooling, age 15+, total",BAR.SCHL.15UP,5.07,..,..,..,..,5.53,..,..,..,..,5.88,..,..,..,..,6.68,..,..,..,..,7.5,..,..,..,..,8.44,..,..,..,..,9.14,..,..,..,..,9.6,..,..,..,..,9.94,..,..,..,..,9.28,..,..,..,..,11.07,..,..,..,..,..,..,..,..,..,..,..,..,..,..
Czechia,CZE,"Barro-Lee: Average years of total schooling, age 15+, total",BAR.SCHL.15UP,8.33,..,..,..,..,9.01,..,..,..,..,9.56,..,..,..,..,9.94,..,..,..,..,10.21,..,..,..,..,10.43,..,..,..,..,10.83,..,..,..,..,11.99,..,..,..,..,12.69,..,..,..,..,12.73,..,..,..,..,12.8,..,..,..,..,..,..,..,..,..,..,..,..,..,..
Denmark,DNK,"Barro-Lee: Average years of total schooling, age 15+, total",BAR.SCHL.15UP,7.65,..,..,..,..,8.05,..,..,..,..,6.78,..,..,..,..,7.46,..,..,..,..,8.14,..,..,..,..,8.77,..,..,..,..,9.35,..,..,..,..,10.04,..,..,..,..,10.77,..,..,..,..,11.1,..,..,..,..,11.3,..,..,..,..,..,..,..,..,..,..,..,..,..,..
Djibouti,DJI,"Barro-Lee: Average years of total schooling, age 15+, total",BAR.SCHL.15UP,..,..,..,..,..,..,..,..,..,..,..,..,..,..,..,..,..,..,..,..,..,..,..,..,..,..,..,..,..,..,..,..,..,..,..,..,..,..,..,..,..,..,..,..,..,..,..,..,..,..,..,..,..,..,..,..,..,..,..,..,..,..,..,..,..
Dominica,DMA,"Barro-Lee: Average years of total schooling, age 15+, total",BAR.SCHL.15UP,..,..,..,..,..,..,..,..,..,..,..,..,..,..,..,..,..,..,..,..,..,..,..,..,..,..,..,..,..,..,..,..,..,..,..,..,..,..,..,..,..,..,..,..,..,..,..,..,..,..,..,..,..,..,..,..,..,..,..,..,..,..,..,..,..
Dominican Republic,DOM,"Barro-Lee: Average years of total schooling, age 15+, total",BAR.SCHL.15UP,2.77,..,..,..,..,3.08,..,..,..,..,3.63,..,..,..,..,4.26,..,..,..,..,4.98,..,..,..,..,5.52,..,..,..,..,6.02,..,..,..,..,6.31,..,..,..,..,6.98,..,..,..,..,7.4,..,..,..,..,7.85,..,..,..,..,..,..,..,..,..,..,..,..,..,..
Ecuador,ECU,"Barro-Lee: Average years of total schooling, age 15+, total",BAR.SCHL.15UP,3.22,..,..,..,..,3.87,..,..,..,..,4.42,..,..,..,..,4.92,..,..,..,..,6.15,..,..,..,..,6.56,..,..,..,..,7,..,..,..,..,7.1,..,..,..,..,7.1,..,..,..,..,7.37,..,..,..,..,7.6,..,..,..,..,..,..,..,..,..,..,..,..,..,..
"Egypt, Arab Rep.",EGY,"Barro-Lee: Average years of total schooling, age 15+, total",BAR.SCHL.15UP,0.81,..,..,..,..,1.04,..,..,..,..,1.31,..,..,..,..,1.69,..,..,..,..,2.65,..,..,..,..,3.76,..,..,..,..,4.41,..,..,..,..,5.12,..,..,..,..,6.03,..,..,..,..,6.66,..,..,..,..,7.15,..,..,..,..,..,..,..,..,..,..,..,..,..,..
El Salvador,SLV,"Barro-Lee: Average years of total schooling, age 15+, total",BAR.SCHL.15UP,1.97,..,..,..,..,2.36,..,..,..,..,2.83,..,..,..,..,3.24,..,..,..,..,3.59,..,..,..,..,4.25,..,..,..,..,4.67,..,..,..,..,5.42,..,..,..,..,6.59,..,..,..,..,7.34,..,..,..,..,7.77,..,..,..,..,..,..,..,..,..,..,..,..,..,..
Equatorial Guinea,GNQ,"Barro-Lee: Average years of total schooling, age 15+, total",BAR.SCHL.15UP,..,..,..,..,..,..,..,..,..,..,..,..,..,..,..,..,..,..,..,..,..,..,..,..,..,..,..,..,..,..,..,..,..,..,..,..,..,..,..,..,..,..,..,..,..,..,..,..,..,..,..,..,..,..,..,..,..,..,..,..,..,..,..,..,..
Eritrea,ERI,"Barro-Lee: Average years of total schooling, age 15+, total",BAR.SCHL.15UP,..,..,..,..,..,..,..,..,..,..,..,..,..,..,..,..,..,..,..,..,..,..,..,..,..,..,..,..,..,..,..,..,..,..,..,..,..,..,..,..,..,..,..,..,..,..,..,..,..,..,..,..,..,..,..,..,..,..,..,..,..,..,..,..,..
Estonia,EST,"Barro-Lee: Average years of total schooling, age 15+, total",BAR.SCHL.15UP,6.8,..,..,..,..,7.09,..,..,..,..,7.38,..,..,..,..,7.97,..,..,..,..,8.46,..,..,..,..,8.86,..,..,..,..,9.19,..,..,..,..,10.38,..,..,..,..,11.41,..,..,..,..,11.77,..,..,..,..,12.11,..,..,..,..,..,..,..,..,..,..,..,..,..,..
Eswatini,SWZ,"Barro-Lee: Average years of total schooling, age 15+, total",BAR.SCHL.15UP,1.72,..,..,..,..,2.06,..,..,..,..,2.89,..,..,..,..,3.81,..,..,..,..,4.44,..,..,..,..,5.08,..,..,..,..,5.09,..,..,..,..,5,..,..,..,..,4.44,..,..,..,..,2.99,..,..,..,..,5.06,..,..,..,..,..,..,..,..,..,..,..,..,..,..
Ethiopia,ETH,"Barro-Lee: Average years of total schooling, age 15+, total",BAR.SCHL.15UP,..,..,..,..,..,..,..,..,..,..,..,..,..,..,..,..,..,..,..,..,..,..,..,..,..,..,..,..,..,..,..,..,..,..,..,..,..,..,..,..,..,..,..,..,..,..,..,..,..,..,..,..,..,..,..,..,..,..,..,..,..,..,..,..,..
Faroe Islands,FRO,"Barro-Lee: Average years of total schooling, age 15+, total",BAR.SCHL.15UP,..,..,..,..,..,..,..,..,..,..,..,..,..,..,..,..,..,..,..,..,..,..,..,..,..,..,..,..,..,..,..,..,..,..,..,..,..,..,..,..,..,..,..,..,..,..,..,..,..,..,..,..,..,..,..,..,..,..,..,..,..,..,..,..,..
Fiji,FJI,"Barro-Lee: Average years of total schooling, age 15+, total",BAR.SCHL.15UP,4.42,..,..,..,..,5.13,..,..,..,..,5.57,..,..,..,..,6.25,..,..,..,..,7.04,..,..,..,..,7.62,..,..,..,..,9.07,..,..,..,..,10.11,..,..,..,..,9.76,..,..,..,..,9.38,..,..,..,..,9.96,..,..,..,..,..,..,..,..,..,..,..,..,..,..
Finland,FIN,"Barro-Lee: Average years of total schooling, age 15+, total",BAR.SCHL.15UP,5.67,..,..,..,..,6.24,..,..,..,..,5.73,..,..,..,..,6.74,..,..,..,..,7.56,..,..,..,..,7.44,..,..,..,..,7.55,..,..,..,..,8.59,..,..,..,..,9.09,..,..,..,..,9.97,..,..,..,..,11.62,..,..,..,..,..,..,..,..,..,..,..,..,..,..
France,FRA,"Barro-Lee: Average years of total schooling, age 15+, total",BAR.SCHL.15UP,4.2,..,..,..,..,4.65,..,..,..,..,4.75,..,..,..,..,5.76,..,..,..,..,5.96,..,..,..,..,6.91,..,..,..,..,7.65,..,..,..,..,8.82,..,..,..,..,9.75,..,..,..,..,10.12,..,..,..,..,10.68,..,..,..,..,..,..,..,..,..,..,..,..,..,..
French Polynesia,PYF,"Barro-Lee: Average years of total schooling, age 15+, total",BAR.SCHL.15UP,..,..,..,..,..,..,..,..,..,..,..,..,..,..,..,..,..,..,..,..,..,..,..,..,..,..,..,..,..,..,..,..,..,..,..,..,..,..,..,..,..,..,..,..,..,..,..,..,..,..,..,..,..,..,..,..,..,..,..,..,..,..,..,..,..
Gabon,GAB,"Barro-Lee: Average years of total schooling, age 15+, total",BAR.SCHL.15UP,1.15,..,..,..,..,1.51,..,..,..,..,1.82,..,..,..,..,2.6,..,..,..,..,3.31,..,..,..,..,4.3,..,..,..,..,5.25,..,..,..,..,6.25,..,..,..,..,7.02,..,..,..,..,7.71,..,..,..,..,8.39,..,..,..,..,..,..,..,..,..,..,..,..,..,..
"Gambia, The",GMB,"Barro-Lee: Average years of total schooling, age 15+, total",BAR.SCHL.15UP,0.39,..,..,..,..,0.45,..,..,..,..,0.57,..,..,..,..,0.73,..,..,..,..,0.97,..,..,..,..,1.27,..,..,..,..,1.75,..,..,..,..,2.45,..,..,..,..,2.64,..,..,..,..,3.25,..,..,..,..,3.77,..,..,..,..,..,..,..,..,..,..,..,..,..,..
Georgia,GEO,"Barro-Lee: Average years of total schooling, age 15+, total",BAR.SCHL.15UP,..,..,..,..,..,..,..,..,..,..,..,..,..,..,..,..,..,..,..,..,..,..,..,..,..,..,..,..,..,..,..,..,..,..,..,..,..,..,..,..,..,..,..,..,..,..,..,..,..,..,..,..,..,..,..,..,..,..,..,..,..,..,..,..,..
Germany,DEU,"Barro-Lee: Average years of total schooling, age 15+, total",BAR.SCHL.15UP,5.12,..,..,..,..,5.24,..,..,..,..,7.05,..,..,..,..,6.98,..,..,..,..,7.03,..,..,..,..,7.18,..,..,..,..,8.6,..,..,..,..,9.44,..,..,..,..,10.06,..,..,..,..,11.65,..,..,..,..,12.37,..,..,..,..,..,..,..,..,..,..,..,..,..,..
Ghana,GHA,"Barro-Lee: Average years of total schooling, age 15+, total",BAR.SCHL.15UP,1.08,..,..,..,..,2.23,..,..,..,..,3.06,..,..,..,..,3.86,..,..,..,..,4.53,..,..,..,..,5.2,..,..,..,..,5.65,..,..,..,..,5.89,..,..,..,..,6.44,..,..,..,..,7.07,..,..,..,..,7,..,..,..,..,..,..,..,..,..,..,..,..,..,..
Gibraltar,GIB,"Barro-Lee: Average years of total schooling, age 15+, total",BAR.SCHL.15UP,..,..,..,..,..,..,..,..,..,..,..,..,..,..,..,..,..,..,..,..,..,..,..,..,..,..,..,..,..,..,..,..,..,..,..,..,..,..,..,..,..,..,..,..,..,..,..,..,..,..,..,..,..,..,..,..,..,..,..,..,..,..,..,..,..
Greece,GRC,"Barro-Lee: Average years of total schooling, age 15+, total",BAR.SCHL.15UP,7.38,..,..,..,..,6.42,..,..,..,..,6.52,..,..,..,..,6.79,..,..,..,..,7.1,..,..,..,..,7.89,..,..,..,..,8.58,..,..,..,..,8.73,..,..,..,..,8.89,..,..,..,..,9.9,..,..,..,..,10.3,..,..,..,..,..,..,..,..,..,..,..,..,..,..
Greenland,GRL,"Barro-Lee: Average years of total schooling, age 15+, total",BAR.SCHL.15UP,..,..,..,..,..,..,..,..,..,..,..,..,..,..,..,..,..,..,..,..,..,..,..,..,..,..,..,..,..,..,..,..,..,..,..,..,..,..,..,..,..,..,..,..,..,..,..,..,..,..,..,..,..,..,..,..,..,..,..,..,..,..,..,..,..
Grenada,GRD,"Barro-Lee: Average years of total schooling, age 15+, total",BAR.SCHL.15UP,..,..,..,..,..,..,..,..,..,..,..,..,..,..,..,..,..,..,..,..,..,..,..,..,..,..,..,..,..,..,..,..,..,..,..,..,..,..,..,..,..,..,..,..,..,..,..,..,..,..,..,..,..,..,..,..,..,..,..,..,..,..,..,..,..
Guam,GUM,"Barro-Lee: Average years of total schooling, age 15+, total",BAR.SCHL.15UP,..,..,..,..,..,..,..,..,..,..,..,..,..,..,..,..,..,..,..,..,..,..,..,..,..,..,..,..,..,..,..,..,..,..,..,..,..,..,..,..,..,..,..,..,..,..,..,..,..,..,..,..,..,..,..,..,..,..,..,..,..,..,..,..,..
Guatemala,GTM,"Barro-Lee: Average years of total schooling, age 15+, total",BAR.SCHL.15UP,1.45,..,..,..,..,1.53,..,..,..,..,1.72,..,..,..,..,2.01,..,..,..,..,2.86,..,..,..,..,3.16,..,..,..,..,3.53,..,..,..,..,3.8,..,..,..,..,4.1,..,..,..,..,3.97,..,..,..,..,4.57,..,..,..,..,..,..,..,..,..,..,..,..,..,..
Guinea,GIN,"Barro-Lee: Average years of total schooling, age 15+, total",BAR.SCHL.15UP,..,..,..,..,..,..,..,..,..,..,..,..,..,..,..,..,..,..,..,..,..,..,..,..,..,..,..,..,..,..,..,..,..,..,..,..,..,..,..,..,..,..,..,..,..,..,..,..,..,..,..,..,..,..,..,..,..,..,..,..,..,..,..,..,..
Guinea-Bissau,GNB,"Barro-Lee: Average years of total schooling, age 15+, total",BAR.SCHL.15UP,..,..,..,..,..,..,..,..,..,..,..,..,..,..,..,..,..,..,..,..,..,..,..,..,..,..,..,..,..,..,..,..,..,..,..,..,..,..,..,..,..,..,..,..,..,..,..,..,..,..,..,..,..,..,..,..,..,..,..,..,..,..,..,..,..
Guyana,GUY,"Barro-Lee: Average years of total schooling, age 15+, total",BAR.SCHL.15UP,4.89,..,..,..,..,5.23,..,..,..,..,5.66,..,..,..,..,6.04,..,..,..,..,6.49,..,..,..,..,6.87,..,..,..,..,7.09,..,..,..,..,7.68,..,..,..,..,8.13,..,..,..,..,8.51,..,..,..,..,8.79,..,..,..,..,..,..,..,..,..,..,..,..,..,..
Haiti,HTI,"Barro-Lee: Average years of total schooling, age 15+, total",BAR.SCHL.15UP,0.82,..,..,..,..,0.96,..,..,..,..,1.18,..,..,..,..,1.5,..,..,..,..,1.99,..,..,..,..,2.94,..,..,..,..,3.43,..,..,..,..,3.92,..,..,..,..,4.33,..,..,..,..,4.81,..,..,..,..,5.11,..,..,..,..,..,..,..,..,..,..,..,..,..,..
Honduras,HND,"Barro-Lee: Average years of total schooling, age 15+, total",BAR.SCHL.15UP,1.96,..,..,..,..,2.13,..,..,..,..,2.33,..,..,..,..,2.64,..,..,..,..,3.62,..,..,..,..,4.49,..,..,..,..,4.89,..,..,..,..,5.26,..,..,..,..,5.65,..,..,..,..,6.03,..,..,..,..,6.19,..,..,..,..,..,..,..,..,..,..,..,..,..,..
"Hong Kong SAR, China",HKG,"Barro-Lee: Average years of total schooling, age 15+, total",BAR.SCHL.15UP,4.91,..,..,..,..,5.71,..,..,..,..,6.3,..,..,..,..,6.91,..,..,..,..,7.97,..,..,..,..,8.7,..,..,..,..,9.39,..,..,..,..,9.41,..,..,..,..,9.31,..,..,..,..,11.18,..,..,..,..,11.38,..,..,..,..,..,..,..,..,..,..,..,..,..,..
Hungary,HUN,"Barro-Lee: Average years of total schooling, age 15+, total",BAR.SCHL.15UP,7.48,..,..,..,..,7.66,..,..,..,..,8.08,..,..,..,..,8.57,..,..,..,..,9,..,..,..,..,8.99,..,..,..,..,8.79,..,..,..,..,10.41,..,..,..,..,11.2,..,..,..,..,11.66,..,..,..,..,11.85,..,..,..,..,..,..,..,..,..,..,..,..,..,..
Iceland,ISL,"Barro-Lee: Average years of total schooling, age 15+, total",BAR.SCHL.15UP,6.14,..,..,..,..,6.55,..,..,..,..,7.01,..,..,..,..,7.43,..,..,..,..,7.88,..,..,..,..,8.33,..,..,..,..,8.78,..,..,..,..,9.23,..,..,..,..,9.67,..,..,..,..,10.42,..,..,..,..,11.05,..,..,..,..,..,..,..,..,..,..,..,..,..,..
India,IND,"Barro-Lee: Average years of total schooling, age 15+, total",BAR.SCHL.15UP,1.11,..,..,..,..,1.29,..,..,..,..,1.61,..,..,..,..,2.01,..,..,..,..,2.34,..,..,..,..,2.89,..,..,..,..,3.45,..,..,..,..,4.12,..,..,..,..,5.03,..,..,..,..,5.63,..,..,..,..,6.24,..,..,..,..,..,..,..,..,..,..,..,..,..,..
Indonesia,IDN,"Barro-Lee: Average years of total schooling, age 15+, total",BAR.SCHL.15UP,1.57,..,..,..,..,2.17,..,..,..,..,2.84,..,..,..,..,3.19,..,..,..,..,3.63,..,..,..,..,3.86,..,..,..,..,4.18,..,..,..,..,4.62,..,..,..,..,5.15,..,..,..,..,6.41,..,..,..,..,7.61,..,..,..,..,..,..,..,..,..,..,..,..,..,..
"Iran, Islamic Rep.",IRN,"Barro-Lee: Average years of total schooling, age 15+, total",BAR.SCHL.15UP,0.92,..,..,..,..,1.42,..,..,..,..,2.03,..,..,..,..,2.67,..,..,..,..,3.58,..,..,..,..,4.41,..,..,..,..,5.22,..,..,..,..,6.35,..,..,..,..,7.31,..,..,..,..,8.06,..,..,..,..,8.88,..,..,..,..,..,..,..,..,..,..,..,..,..,..
Iraq,IRQ,"Barro-Lee: Average years of total schooling, age 15+, total",BAR.SCHL.15UP,0.52,..,..,..,..,0.83,..,..,..,..,1.43,..,..,..,..,1.97,..,..,..,..,2.74,..,..,..,..,3.73,..,..,..,..,4.58,..,..,..,..,5.09,..,..,..,..,5.9,..,..,..,..,6.31,..,..,..,..,7.16,..,..,..,..,..,..,..,..,..,..,..,..,..,..
Ireland,IRL,"Barro-Lee: Average years of total schooling, age 15+, total",BAR.SCHL.15UP,8,..,..,..,..,8.37,..,..,..,..,7.67,..,..,..,..,8.42,..,..,..,..,9.26,..,..,..,..,9.97,..,..,..,..,10.12,..,..,..,..,10.39,..,..,..,..,10.66,..,..,..,..,11.54,..,..,..,..,12.03,..,..,..,..,..,..,..,..,..,..,..,..,..,..
Isle of Man,IMN,"Barro-Lee: Average years of total schooling, age 15+, total",BAR.SCHL.15UP,..,..,..,..,..,..,..,..,..,..,..,..,..,..,..,..,..,..,..,..,..,..,..,..,..,..,..,..,..,..,..,..,..,..,..,..,..,..,..,..,..,..,..,..,..,..,..,..,..,..,..,..,..,..,..,..,..,..,..,..,..,..,..,..,..
Israel,ISR,"Barro-Lee: Average years of total schooling, age 15+, total",BAR.SCHL.15UP,7.54,..,..,..,..,7.99,..,..,..,..,8.66,..,..,..,..,9.56,..,..,..,..,10.27,..,..,..,..,10.49,..,..,..,..,10.83,..,..,..,..,11.07,..,..,..,..,11.34,..,..,..,..,11.47,..,..,..,..,12.32,..,..,..,..,..,..,..,..,..,..,..,..,..,..
Italy,ITA,"Barro-Lee: Average years of total schooling, age 15+, total",BAR.SCHL.15UP,4.86,..,..,..,..,5.22,..,..,..,..,5.63,..,..,..,..,6.16,..,..,..,..,6.71,..,..,..,..,7.18,..,..,..,..,7.7,..,..,..,..,8.27,..,..,..,..,8.78,..,..,..,..,9.15,..,..,..,..,9.63,..,..,..,..,..,..,..,..,..,..,..,..,..,..
Jamaica,JAM,"Barro-Lee: Average years of total schooling, age 15+, total",BAR.SCHL.15UP,3.84,..,..,..,..,4.43,..,..,..,..,4.86,..,..,..,..,5.42,..,..,..,..,6.08,..,..,..,..,6.63,..,..,..,..,7.15,..,..,..,..,8.18,..,..,..,..,9.14,..,..,..,..,9.66,..,..,..,..,9.87,..,..,..,..,..,..,..,..,..,..,..,..,..,..
Japan,JPN,"Barro-Lee: Average years of total schooling, age 15+, total",BAR.SCHL.15UP,8.01,..,..,..,..,7.82,..,..,..,..,7.83,..,..,..,..,8.38,..,..,..,..,9.1,..,..,..,..,9.63,..,..,..,..,9.82,..,..,..,..,10.51,..,..,..,..,10.94,..,..,..,..,11.3,..,..,..,..,11.6,..,..,..,..,..,..,..,..,..,..,..,..,..,..
Jordan,JOR,"Barro-Lee: Average years of total schooling, age 15+, total",BAR.SCHL.15UP,2.41,..,..,..,..,2.96,..,..,..,..,3.47,..,..,..,..,4.01,..,..,..,..,4.55,..,..,..,..,5.68,..,..,..,..,6.61,..,..,..,..,7.58,..,..,..,..,8.36,..,..,..,..,9.07,..,..,..,..,9.59,..,..,..,..,..,..,..,..,..,..,..,..,..,..
Kazakhstan,KAZ,"Barro-Lee: Average years of total schooling, age 15+, total",BAR.SCHL.15UP,3.76,..,..,..,..,4.17,..,..,..,..,4.92,..,..,..,..,5.85,..,..,..,..,6.85,..,..,..,..,7.57,..,..,..,..,8.13,..,..,..,..,9.34,..,..,..,..,10.54,..,..,..,..,11.6,..,..,..,..,11.33,..,..,..,..,..,..,..,..,..,..,..,..,..,..
Kenya,KEN,"Barro-Lee: Average years of total schooling, age 15+, total",BAR.SCHL.15UP,1.52,..,..,..,..,1.71,..,..,..,..,2.17,..,..,..,..,2.66,..,..,..,..,3.41,..,..,..,..,4.13,..,..,..,..,4.78,..,..,..,..,5.26,..,..,..,..,5.69,..,..,..,..,6.25,..,..,..,..,6.14,..,..,..,..,..,..,..,..,..,..,..,..,..,..
Kiribati,KIR,"Barro-Lee: Average years of total schooling, age 15+, total",BAR.SCHL.15UP,..,..,..,..,..,..,..,..,..,..,..,..,..,..,..,..,..,..,..,..,..,..,..,..,..,..,..,..,..,..,..,..,..,..,..,..,..,..,..,..,..,..,..,..,..,..,..,..,..,..,..,..,..,..,..,..,..,..,..,..,..,..,..,..,..
"Korea, Dem. People's Rep.",PRK,"Barro-Lee: Average years of total schooling, age 15+, total",BAR.SCHL.15UP,..,..,..,..,..,..,..,..,..,..,..,..,..,..,..,..,..,..,..,..,..,..,..,..,..,..,..,..,..,..,..,..,..,..,..,..,..,..,..,..,..,..,..,..,..,..,..,..,..,..,..,..,..,..,..,..,..,..,..,..,..,..,..,..,..
"Korea, Rep.",KOR,"Barro-Lee: Average years of total schooling, age 15+, total",BAR.SCHL.15UP,4.34,..,..,..,..,5.47,..,..,..,..,6.19,..,..,..,..,7.12,..,..,..,..,8.13,..,..,..,..,9,..,..,..,..,9.85,..,..,..,..,10.49,..,..,..,..,11.06,..,..,..,..,11.46,..,..,..,..,12.05,..,..,..,..,..,..,..,..,..,..,..,..,..,..
Kosovo,XKX,"Barro-Lee: Average years of total schooling, age 15+, total",BAR.SCHL.15UP,..,..,..,..,..,..,..,..,..,..,..,..,..,..,..,..,..,..,..,..,..,..,..,..,..,..,..,..,..,..,..,..,..,..,..,..,..,..,..,..,..,..,..,..,..,..,..,..,..,..,..,..,..,..,..,..,..,..,..,..,..,..,..,..,..
Kuwait,KWT,"Barro-Lee: Average years of total schooling, age 15+, total",BAR.SCHL.15UP,2.41,..,..,..,..,2.94,..,..,..,..,3.27,..,..,..,..,3.51,..,..,..,..,4.61,..,..,..,..,5.54,..,..,..,..,5.92,..,..,..,..,6.11,..,..,..,..,6.09,..,..,..,..,6.07,..,..,..,..,6.34,..,..,..,..,..,..,..,..,..,..,..,..,..,..
Kyrgyz Republic,KGZ,"Barro-Lee: Average years of total schooling, age 15+, total",BAR.SCHL.15UP,4.33,..,..,..,..,4.77,..,..,..,..,5.67,..,..,..,..,6.47,..,..,..,..,7.45,..,..,..,..,8.11,..,..,..,..,8.6,..,..,..,..,8.93,..,..,..,..,9.4,..,..,..,..,9.89,..,..,..,..,10.71,..,..,..,..,..,..,..,..,..,..,..,..,..,..
Lao PDR,LAO,"Barro-Lee: Average years of total schooling, age 15+, total",BAR.SCHL.15UP,1.51,..,..,..,..,1.71,..,..,..,..,2.06,..,..,..,..,2.42,..,..,..,..,2.84,..,..,..,..,3.23,..,..,..,..,3.59,..,..,..,..,3.92,..,..,..,..,4.25,..,..,..,..,4.62,..,..,..,..,5.02,..,..,..,..,..,..,..,..,..,..,..,..,..,..
Latvia,LVA,"Barro-Lee: Average years of total schooling, age 15+, total",BAR.SCHL.15UP,4.56,..,..,..,..,4.92,..,..,..,..,5.38,..,..,..,..,5.96,..,..,..,..,6.7,..,..,..,..,7.42,..,..,..,..,7.99,..,..,..,..,8.99,..,..,..,..,9.34,..,..,..,..,10.26,..,..,..,..,10.65,..,..,..,..,..,..,..,..,..,..,..,..,..,..
Lebanon,LBN,"Barro-Lee: Average years of total schooling, age 15+, total",BAR.SCHL.15UP,..,..,..,..,..,..,..,..,..,..,..,..,..,..,..,..,..,..,..,..,..,..,..,..,..,..,..,..,..,..,..,..,..,..,..,..,..,..,..,..,..,..,..,..,..,..,..,..,..,..,..,..,..,..,..,..,..,..,..,..,..,..,..,..,..
Lesotho,LSO,"Barro-Lee: Average years of total schooling, age 15+, total",BAR.SCHL.15UP,2.96,..,..,..,..,3.24,..,..,..,..,3.55,..,..,..,..,3.91,..,..,..,..,4.3,..,..,..,..,4.64,..,..,..,..,5.12,..,..,..,..,5.66,..,..,..,..,6.21,..,..,..,..,6.93,..,..,..,..,5.85,..,..,..,..,..,..,..,..,..,..,..,..,..,..
Liberia,LBR,"Barro-Lee: Average years of total schooling, age 15+, total",BAR.SCHL.15UP,0.73,..,..,..,..,0.92,..,..,..,..,1.15,..,..,..,..,1.66,..,..,..,..,2.2,..,..,..,..,2.69,..,..,..,..,3.02,..,..,..,..,3.08,..,..,..,..,3.49,..,..,..,..,3.85,..,..,..,..,4.2,..,..,..,..,..,..,..,..,..,..,..,..,..,..
Libya,LBY,"Barro-Lee: Average years of total schooling, age 15+, total",BAR.SCHL.15UP,0.67,..,..,..,..,1,..,..,..,..,1.53,..,..,..,..,2.19,..,..,..,..,3.26,..,..,..,..,4.31,..,..,..,..,5.17,..,..,..,..,5.89,..,..,..,..,6.79,..,..,..,..,7.42,..,..,..,..,8,..,..,..,..,..,..,..,..,..,..,..,..,..,..
Liechtenstein,LIE,"Barro-Lee: Average years of total schooling, age 15+, total",BAR.SCHL.15UP,..,..,..,..,..,..,..,..,..,..,..,..,..,..,..,..,..,..,..,..,..,..,..,..,..,..,..,..,..,..,..,..,..,..,..,..,..,..,..,..,..,..,..,..,..,..,..,..,..,..,..,..,..,..,..,..,..,..,..,..,..,..,..,..,..
Lithuania,LTU,"Barro-Lee: Average years of total schooling, age 15+, total",BAR.SCHL.15UP,4.75,..,..,..,..,5.24,..,..,..,..,5.87,..,..,..,..,6.55,..,..,..,..,7.35,..,..,..,..,8.18,..,..,..,..,8.81,..,..,..,..,9.17,..,..,..,..,9.49,..,..,..,..,10.4,..,..,..,..,10.89,..,..,..,..,..,..,..,..,..,..,..,..,..,..
Luxembourg,LUX,"Barro-Lee: Average years of total schooling, age 15+, total",BAR.SCHL.15UP,6.76,..,..,..,..,7.09,..,..,..,..,6.21,..,..,..,..,7.92,..,..,..,..,8.22,..,..,..,..,8.5,..,..,..,..,8.91,..,..,..,..,9.22,..,..,..,..,9.55,..,..,..,..,10.26,..,..,..,..,10.99,..,..,..,..,..,..,..,..,..,..,..,..,..,..
"Macao SAR, China",MAC,"Barro-Lee: Average years of total schooling, age 15+, total",BAR.SCHL.15UP,3.51,..,..,..,..,3.74,..,..,..,..,4.06,..,..,..,..,4.54,..,..,..,..,4.85,..,..,..,..,5.35,..,..,..,..,5.67,..,..,..,..,6.17,..,..,..,..,6.68,..,..,..,..,7.5,..,..,..,..,8.54,..,..,..,..,..,..,..,..,..,..,..,..,..,..
Madagascar,MDG,"Barro-Lee: Average years of total schooling, age 15+, total",BAR.SCHL.15UP,..,..,..,..,..,..,..,..,..,..,..,..,..,..,..,..,..,..,..,..,..,..,..,..,..,..,..,..,..,..,..,..,..,..,..,..,..,..,..,..,..,..,..,..,..,..,..,..,..,..,..,..,..,..,..,..,..,..,..,..,..,..,..,..,..
Malawi,MWI,"Barro-Lee: Average years of total schooling, age 15+, total",BAR.SCHL.15UP,1.09,..,..,..,..,1.21,..,..,..,..,1.57,..,..,..,..,1.86,..,..,..,..,2.34,..,..,..,..,2.65,..,..,..,..,2.9,..,..,..,..,3.06,..,..,..,..,3.48,..,..,..,..,4.41,..,..,..,..,4.81,..,..,..,..,..,..,..,..,..,..,..,..,..,..
Malaysia,MYS,"Barro-Lee: Average years of total schooling, age 15+, total",BAR.SCHL.15UP,2.84,..,..,..,..,3.37,..,..,..,..,4.2,..,..,..,..,4.82,..,..,..,..,5.76,..,..,..,..,6.72,..,..,..,..,6.97,..,..,..,..,8.39,..,..,..,..,9.09,..,..,..,..,9.71,..,..,..,..,10.44,..,..,..,..,..,..,..,..,..,..,..,..,..,..
Maldives,MDV,"Barro-Lee: Average years of total schooling, age 15+, total",BAR.SCHL.15UP,3.46,..,..,..,..,3.69,..,..,..,..,4.02,..,..,..,..,4.3,..,..,..,..,4.54,..,..,..,..,4.82,..,..,..,..,4.43,..,..,..,..,4.11,..,..,..,..,4.26,..,..,..,..,4.69,..,..,..,..,6.02,..,..,..,..,..,..,..,..,..,..,..,..,..,..
Mali,MLI,"Barro-Lee: Average years of total schooling, age 15+, total",BAR.SCHL.15UP,0.19,..,..,..,..,0.24,..,..,..,..,0.29,..,..,..,..,0.45,..,..,..,..,0.62,..,..,..,..,0.78,..,..,..,..,0.89,..,..,..,..,1.01,..,..,..,..,1.23,..,..,..,..,1.73,..,..,..,..,1.97,..,..,..,..,..,..,..,..,..,..,..,..,..,..
Malta,MLT,"Barro-Lee: Average years of total schooling, age 15+, total",BAR.SCHL.15UP,4.17,..,..,..,..,4.84,..,..,..,..,5.82,..,..,..,..,6.57,..,..,..,..,7.21,..,..,..,..,8.04,..,..,..,..,8.73,..,..,..,..,9.36,..,..,..,..,9.78,..,..,..,..,10.13,..,..,..,..,10.52,..,..,..,..,..,..,..,..,..,..,..,..,..,..
Marshall Islands,MHL,"Barro-Lee: Average years of total schooling, age 15+, total",BAR.SCHL.15UP,..,..,..,..,..,..,..,..,..,..,..,..,..,..,..,..,..,..,..,..,..,..,..,..,..,..,..,..,..,..,..,..,..,..,..,..,..,..,..,..,..,..,..,..,..,..,..,..,..,..,..,..,..,..,..,..,..,..,..,..,..,..,..,..,..
Mauritania,MRT,"Barro-Lee: Average years of total schooling, age 15+, total",BAR.SCHL.15UP,1.45,..,..,..,..,1.54,..,..,..,..,1.66,..,..,..,..,1.83,..,..,..,..,2.13,..,..,..,..,2.43,..,..,..,..,2.76,..,..,..,..,3.12,..,..,..,..,3.55,..,..,..,..,4.06,..,..,..,..,4.53,..,..,..,..,..,..,..,..,..,..,..,..,..,..
Mauritius,MUS,"Barro-Lee: Average years of total schooling, age 15+, total",BAR.SCHL.15UP,3.53,..,..,..,..,4.25,..,..,..,..,4.93,..,..,..,..,5.09,..,..,..,..,5.36,..,..,..,..,5.86,..,..,..,..,6.49,..,..,..,..,6.83,..,..,..,..,6.7,..,..,..,..,7.84,..,..,..,..,8.86,..,..,..,..,..,..,..,..,..,..,..,..,..,..
Mexico,MEX,"Barro-Lee: Average years of total schooling, age 15+, total",BAR.SCHL.15UP,2.77,..,..,..,..,3.17,..,..,..,..,3.39,..,..,..,..,4.09,..,..,..,..,4.9,..,..,..,..,5.77,..,..,..,..,6.47,..,..,..,..,7.2,..,..,..,..,7.66,..,..,..,..,8.45,..,..,..,..,8.79,..,..,..,..,..,..,..,..,..,..,..,..,..,..
"Micronesia, Fed. Sts.",FSM,"Barro-Lee: Average years of total schooling, age 15+, total",BAR.SCHL.15UP,..,..,..,..,..,..,..,..,..,..,..,..,..,..,..,..,..,..,..,..,..,..,..,..,..,..,..,..,..,..,..,..,..,..,..,..,..,..,..,..,..,..,..,..,..,..,..,..,..,..,..,..,..,..,..,..,..,..,..,..,..,..,..,..,..
Moldova,MDA,"Barro-Lee: Average years of total schooling, age 15+, total",BAR.SCHL.15UP,4.24,..,..,..,..,4.78,..,..,..,..,5.63,..,..,..,..,6.52,..,..,..,..,7.27,..,..,..,..,7.92,..,..,..,..,8.47,..,..,..,..,8.89,..,..,..,..,9.21,..,..,..,..,9.57,..,..,..,..,10.4,..,..,..,..,..,..,..,..,..,..,..,..,..,..
Monaco,MCO,"Barro-Lee: Average years of total schooling, age 15+, total",BAR.SCHL.15UP,..,..,..,..,..,..,..,..,..,..,..,..,..,..,..,..,..,..,..,..,..,..,..,..,..,..,..,..,..,..,..,..,..,..,..,..,..,..,..,..,..,..,..,..,..,..,..,..,..,..,..,..,..,..,..,..,..,..,..,..,..,..,..,..,..
Mongolia,MNG,"Barro-Lee: Average years of total schooling, age 15+, total",BAR.SCHL.15UP,2.22,..,..,..,..,2.93,..,..,..,..,3.56,..,..,..,..,5.65,..,..,..,..,6.35,..,..,..,..,7.02,..,..,..,..,7.76,..,..,..,..,7.84,..,..,..,..,7.88,..,..,..,..,8.57,..,..,..,..,9.2,..,..,..,..,..,..,..,..,..,..,..,..,..,..
Montenegro,MNE,"Barro-Lee: Average years of total schooling, age 15+, total",BAR.SCHL.15UP,..,..,..,..,..,..,..,..,..,..,..,..,..,..,..,..,..,..,..,..,..,..,..,..,..,..,..,..,..,..,..,..,..,..,..,..,..,..,..,..,..,..,..,..,..,..,..,..,..,..,..,..,..,..,..,..,..,..,..,..,..,..,..,..,..
Morocco,MAR,"Barro-Lee: Average years of total schooling, age 15+, total",BAR.SCHL.15UP,0.51,..,..,..,..,0.69,..,..,..,..,0.98,..,..,..,..,1.35,..,..,..,..,1.76,..,..,..,..,2.29,..,..,..,..,2.86,..,..,..,..,3.4,..,..,..,..,3.82,..,..,..,..,4.34,..,..,..,..,4.96,..,..,..,..,..,..,..,..,..,..,..,..,..,..
Mozambique,MOZ,"Barro-Lee: Average years of total schooling, age 15+, total",BAR.SCHL.15UP,0.85,..,..,..,..,1,..,..,..,..,1.01,..,..,..,..,0.95,..,..,..,..,1.12,..,..,..,..,1.17,..,..,..,..,1,..,..,..,..,0.93,..,..,..,..,1.08,..,..,..,..,1.28,..,..,..,..,1.93,..,..,..,..,..,..,..,..,..,..,..,..,..,..
Myanmar,MMR,"Barro-Lee: Average years of total schooling, age 15+, total",BAR.SCHL.15UP,1.22,..,..,..,..,1.37,..,..,..,..,1.45,..,..,..,..,1.6,..,..,..,..,2.23,..,..,..,..,2.73,..,..,..,..,2.83,..,..,..,..,3.22,..,..,..,..,3.69,..,..,..,..,4.23,..,..,..,..,4.85,..,..,..,..,..,..,..,..,..,..,..,..,..,..
Namibia,NAM,"Barro-Lee: Average years of total schooling, age 15+, total",BAR.SCHL.15UP,3.05,..,..,..,..,3.46,..,..,..,..,3.95,..,..,..,..,4.47,..,..,..,..,5.02,..,..,..,..,5.62,..,..,..,..,6.15,..,..,..,..,6.05,..,..,..,..,5.72,..,..,..,..,5.97,..,..,..,..,6.17,..,..,..,..,..,..,..,..,..,..,..,..,..,..
Nauru,NRU,"Barro-Lee: Average years of total schooling, age 15+, total",BAR.SCHL.15UP,..,..,..,..,..,..,..,..,..,..,..,..,..,..,..,..,..,..,..,..,..,..,..,..,..,..,..,..,..,..,..,..,..,..,..,..,..,..,..,..,..,..,..,..,..,..,..,..,..,..,..,..,..,..,..,..,..,..,..,..,..,..,..,..,..
Nepal,NPL,"Barro-Lee: Average years of total schooling, age 15+, total",BAR.SCHL.15UP,0.13,..,..,..,..,0.27,..,..,..,..,0.5,..,..,..,..,0.72,..,..,..,..,0.99,..,..,..,..,1.76,..,..,..,..,2.49,..,..,..,..,2.65,..,..,..,..,2.97,..,..,..,..,3.55,..,..,..,..,4.23,..,..,..,..,..,..,..,..,..,..,..,..,..,..
Netherlands,NLD,"Barro-Lee: Average years of total schooling, age 15+, total",BAR.SCHL.15UP,6.25,..,..,..,..,7.33,..,..,..,..,8.2,..,..,..,..,8.93,..,..,..,..,9.46,..,..,..,..,9.92,..,..,..,..,10.28,..,..,..,..,10.56,..,..,..,..,10.81,..,..,..,..,10.8,..,..,..,..,11.39,..,..,..,..,..,..,..,..,..,..,..,..,..,..
New Caledonia,NCL,"Barro-Lee: Average years of total schooling, age 15+, total",BAR.SCHL.15UP,..,..,..,..,..,..,..,..,..,..,..,..,..,..,..,..,..,..,..,..,..,..,..,..,..,..,..,..,..,..,..,..,..,..,..,..,..,..,..,..,..,..,..,..,..,..,..,..,..,..,..,..,..,..,..,..,..,..,..,..,..,..,..,..,..
New Zealand,NZL,"Barro-Lee: Average years of total schooling, age 15+, total",BAR.SCHL.15UP,10.17,..,..,..,..,10.61,..,..,..,..,10.93,..,..,..,..,11.71,..,..,..,..,11.59,..,..,..,..,11.71,..,..,..,..,11.62,..,..,..,..,11.68,..,..,..,..,11.76,..,..,..,..,11.77,..,..,..,..,10.98,..,..,..,..,..,..,..,..,..,..,..,..,..,..
Nicaragua,NIC,"Barro-Lee: Average years of total schooling, age 15+, total",BAR.SCHL.15UP,2.21,..,..,..,..,2.62,..,..,..,..,3.03,..,..,..,..,3.32,..,..,..,..,3.75,..,..,..,..,4.1,..,..,..,..,4.49,..,..,..,..,5.02,..,..,..,..,5.51,..,..,..,..,5.98,..,..,..,..,6.61,..,..,..,..,..,..,..,..,..,..,..,..,..,..
Niger,NER,"Barro-Lee: Average years of total schooling, age 15+, total",BAR.SCHL.15UP,0.38,..,..,..,..,0.4,..,..,..,..,0.44,..,..,..,..,0.52,..,..,..,..,0.65,..,..,..,..,0.83,..,..,..,..,1.04,..,..,..,..,1.23,..,..,..,..,1.38,..,..,..,..,1.57,..,..,..,..,1.88,..,..,..,..,..,..,..,..,..,..,..,..,..,..
Nigeria,NGA,"Barro-Lee: Average years of total schooling, age 15+, total",BAR.SCHL.15UP,..,..,..,..,..,..,..,..,..,..,..,..,..,..,..,..,..,..,..,..,..,..,..,..,..,..,..,..,..,..,..,..,..,..,..,..,..,..,..,..,..,..,..,..,..,..,..,..,..,..,..,..,..,..,..,..,..,..,..,..,..,..,..,..,..
North Macedonia,MKD,"Barro-Lee: Average years of total schooling, age 15+, total",BAR.SCHL.15UP,..,..,..,..,..,..,..,..,..,..,..,..,..,..,..,..,..,..,..,..,..,..,..,..,..,..,..,..,..,..,..,..,..,..,..,..,..,..,..,..,..,..,..,..,..,..,..,..,..,..,..,..,..,..,..,..,..,..,..,..,..,..,..,..,..
Northern Mariana Islands,MNP,"Barro-Lee: Average years of total schooling, age 15+, total",BAR.SCHL.15UP,..,..,..,..,..,..,..,..,..,..,..,..,..,..,..,..,..,..,..,..,..,..,..,..,..,..,..,..,..,..,..,..,..,..,..,..,..,..,..,..,..,..,..,..,..,..,..,..,..,..,..,..,..,..,..,..,..,..,..,..,..,..,..,..,..
Norway,NOR,"Barro-Lee: Average years of total schooling, age 15+, total",BAR.SCHL.15UP,7.59,..,..,..,..,8.01,..,..,..,..,8.32,..,..,..,..,8.54,..,..,..,..,8.96,..,..,..,..,9.69,..,..,..,..,10.28,..,..,..,..,10.72,..,..,..,..,11.02,..,..,..,..,11.78,..,..,..,..,11.59,..,..,..,..,..,..,..,..,..,..,..,..,..,..
Oman,OMN,"Barro-Lee: Average years of total schooling, age 15+, total",BAR.SCHL.15UP,..,..,..,..,..,..,..,..,..,..,..,..,..,..,..,..,..,..,..,..,..,..,..,..,..,..,..,..,..,..,..,..,..,..,..,..,..,..,..,..,..,..,..,..,..,..,..,..,..,..,..,..,..,..,..,..,..,..,..,..,..,..,..,..,..
Pakistan,PAK,"Barro-Lee: Average years of total schooling, age 15+, total",BAR.SCHL.15UP,1.15,..,..,..,..,1.37,..,..,..,..,1.58,..,..,..,..,1.88,..,..,..,..,2.15,..,..,..,..,2.51,..,..,..,..,2.92,..,..,..,..,3.36,..,..,..,..,3.87,..,..,..,..,4.93,..,..,..,..,5.02,..,..,..,..,..,..,..,..,..,..,..,..,..,..
Palau,PLW,"Barro-Lee: Average years of total schooling, age 15+, total",BAR.SCHL.15UP,..,..,..,..,..,..,..,..,..,..,..,..,..,..,..,..,..,..,..,..,..,..,..,..,..,..,..,..,..,..,..,..,..,..,..,..,..,..,..,..,..,..,..,..,..,..,..,..,..,..,..,..,..,..,..,..,..,..,..,..,..,..,..,..,..
Panama,PAN,"Barro-Lee: Average years of total schooling, age 15+, total",BAR.SCHL.15UP,4.59,..,..,..,..,4.85,..,..,..,..,5.21,..,..,..,..,5.89,..,..,..,..,6.66,..,..,..,..,7.34,..,..,..,..,7.65,..,..,..,..,8.43,..,..,..,..,8.74,..,..,..,..,9.18,..,..,..,..,9.27,..,..,..,..,..,..,..,..,..,..,..,..,..,..
Papua New Guinea,PNG,"Barro-Lee: Average years of total schooling, age 15+, total",BAR.SCHL.15UP,0.76,..,..,..,..,0.97,..,..,..,..,1.33,..,..,..,..,1.7,..,..,..,..,2.11,..,..,..,..,2.61,..,..,..,..,3.05,..,..,..,..,3.31,..,..,..,..,3.48,..,..,..,..,3.99,..,..,..,..,4.26,..,..,..,..,..,..,..,..,..,..,..,..,..,..
Paraguay,PRY,"Barro-Lee: Average years of total schooling, age 15+, total",BAR.SCHL.15UP,3.43,..,..,..,..,3.7,..,..,..,..,4.14,..,..,..,..,4.68,..,..,..,..,5.2,..,..,..,..,5.8,..,..,..,..,6.11,..,..,..,..,6.25,..,..,..,..,6.23,..,..,..,..,7.59,..,..,..,..,7.57,..,..,..,..,..,..,..,..,..,..,..,..,..,..
Peru,PER,"Barro-Lee: Average years of total schooling, age 15+, total",BAR.SCHL.15UP,3.49,..,..,..,..,3.95,..,..,..,..,4.36,..,..,..,..,5.32,..,..,..,..,6.1,..,..,..,..,6.62,..,..,..,..,7.23,..,..,..,..,7.88,..,..,..,..,8.85,..,..,..,..,9.55,..,..,..,..,8.88,..,..,..,..,..,..,..,..,..,..,..,..,..,..
Philippines,PHL,"Barro-Lee: Average years of total schooling, age 15+, total",BAR.SCHL.15UP,4.22,..,..,..,..,4.74,..,..,..,..,4.71,..,..,..,..,5.49,..,..,..,..,6.21,..,..,..,..,6.58,..,..,..,..,7.1,..,..,..,..,7.56,..,..,..,..,7.87,..,..,..,..,8.18,..,..,..,..,8.43,..,..,..,..,..,..,..,..,..,..,..,..,..,..
Poland,POL,"Barro-Lee: Average years of total schooling, age 15+, total",BAR.SCHL.15UP,6.04,..,..,..,..,6.59,..,..,..,..,7.35,..,..,..,..,7.91,..,..,..,..,8.07,..,..,..,..,8.5,..,..,..,..,9.06,..,..,..,..,9.86,..,..,..,..,10.26,..,..,..,..,10.94,..,..,..,..,11.32,..,..,..,..,..,..,..,..,..,..,..,..,..,..
Portugal,PRT,"Barro-Lee: Average years of total schooling, age 15+, total",BAR.SCHL.15UP,3.21,..,..,..,..,3.48,..,..,..,..,2.93,..,..,..,..,3.8,..,..,..,..,4.65,..,..,..,..,5.42,..,..,..,..,6,..,..,..,..,6.69,..,..,..,..,7.43,..,..,..,..,7.02,..,..,..,..,7.52,..,..,..,..,..,..,..,..,..,..,..,..,..,..
Puerto Rico,PRI,"Barro-Lee: Average years of total schooling, age 15+, total",BAR.SCHL.15UP,..,..,..,..,..,..,..,..,..,..,..,..,..,..,..,..,..,..,..,..,..,..,..,..,..,..,..,..,..,..,..,..,..,..,..,..,..,..,..,..,..,..,..,..,..,..,..,..,..,..,..,..,..,..,..,..,..,..,..,..,..,..,..,..,..
Qatar,QAT,"Barro-Lee: Average years of total schooling, age 15+, total",BAR.SCHL.15UP,2.58,..,..,..,..,3.25,..,..,..,..,3.78,..,..,..,..,4.27,..,..,..,..,4.75,..,..,..,..,5.18,..,..,..,..,5.58,..,..,..,..,6.13,..,..,..,..,6.6,..,..,..,..,7.29,..,..,..,..,8.43,..,..,..,..,..,..,..,..,..,..,..,..,..,..
Romania,ROU,"Barro-Lee: Average years of total schooling, age 15+, total",BAR.SCHL.15UP,5.24,..,..,..,..,5.66,..,..,..,..,6.7,..,..,..,..,7.66,..,..,..,..,8.21,..,..,..,..,8.78,..,..,..,..,9.32,..,..,..,..,9.7,..,..,..,..,10.04,..,..,..,..,10.31,..,..,..,..,10.67,..,..,..,..,..,..,..,..,..,..,..,..,..,..
Russian Federation,RUS,"Barro-Lee: Average years of total schooling, age 15+, total",BAR.SCHL.15UP,5,..,..,..,..,5.72,..,..,..,..,5.94,..,..,..,..,6.69,..,..,..,..,7.59,..,..,..,..,8.57,..,..,..,..,9.46,..,..,..,..,9.94,..,..,..,..,10.9,..,..,..,..,11.2,..,..,..,..,11.53,..,..,..,..,..,..,..,..,..,..,..,..,..,..
Rwanda,RWA,"Barro-Lee: Average years of total schooling, age 15+, total",BAR.SCHL.15UP,0.76,..,..,..,..,0.93,..,..,..,..,1.16,..,..,..,..,1.44,..,..,..,..,1.69,..,..,..,..,1.88,..,..,..,..,2.18,..,..,..,..,2.66,..,..,..,..,3.23,..,..,..,..,3.83,..,..,..,..,4.36,..,..,..,..,..,..,..,..,..,..,..,..,..,..
Samoa,WSM,"Barro-Lee: Average years of total schooling, age 15+, total",BAR.SCHL.15UP,..,..,..,..,..,..,..,..,..,..,..,..,..,..,..,..,..,..,..,..,..,..,..,..,..,..,..,..,..,..,..,..,..,..,..,..,..,..,..,..,..,..,..,..,..,..,..,..,..,..,..,..,..,..,..,..,..,..,..,..,..,..,..,..,..
San Marino,SMR,"Barro-Lee: Average years of total schooling, age 15+, total",BAR.SCHL.15UP,..,..,..,..,..,..,..,..,..,..,..,..,..,..,..,..,..,..,..,..,..,..,..,..,..,..,..,..,..,..,..,..,..,..,..,..,..,..,..,..,..,..,..,..,..,..,..,..,..,..,..,..,..,..,..,..,..,..,..,..,..,..,..,..,..
Sao Tome and Principe,STP,"Barro-Lee: Average years of total schooling, age 15+, total",BAR.SCHL.15UP,..,..,..,..,..,..,..,..,..,..,..,..,..,..,..,..,..,..,..,..,..,..,..,..,..,..,..,..,..,..,..,..,..,..,..,..,..,..,..,..,..,..,..,..,..,..,..,..,..,..,..,..,..,..,..,..,..,..,..,..,..,..,..,..,..
Saudi Arabia,SAU,"Barro-Lee: Average years of total schooling, age 15+, total",BAR.SCHL.15UP,2.88,..,..,..,..,3.07,..,..,..,..,3.22,..,..,..,..,3.73,..,..,..,..,4.26,..,..,..,..,5.17,..,..,..,..,5.84,..,..,..,..,6.34,..,..,..,..,7.08,..,..,..,..,7.69,..,..,..,..,8.53,..,..,..,..,..,..,..,..,..,..,..,..,..,..
Senegal,SEN,"Barro-Lee: Average years of total schooling, age 15+, total",BAR.SCHL.15UP,1.85,..,..,..,..,2.01,..,..,..,..,2.29,..,..,..,..,2.45,..,..,..,..,2.49,..,..,..,..,2.43,..,..,..,..,2.33,..,..,..,..,2.2,..,..,..,..,1.92,..,..,..,..,1.57,..,..,..,..,2.74,..,..,..,..,..,..,..,..,..,..,..,..,..,..
Serbia,SRB,"Barro-Lee: Average years of total schooling, age 15+, total",BAR.SCHL.15UP,4.97,..,..,..,..,5.27,..,..,..,..,5.81,..,..,..,..,6.51,..,..,..,..,7.06,..,..,..,..,7.65,..,..,..,..,7.89,..,..,..,..,8.57,..,..,..,..,9,..,..,..,..,10.06,..,..,..,..,10.85,..,..,..,..,..,..,..,..,..,..,..,..,..,..
Seychelles,SYC,"Barro-Lee: Average years of total schooling, age 15+, total",BAR.SCHL.15UP,..,..,..,..,..,..,..,..,..,..,..,..,..,..,..,..,..,..,..,..,..,..,..,..,..,..,..,..,..,..,..,..,..,..,..,..,..,..,..,..,..,..,..,..,..,..,..,..,..,..,..,..,..,..,..,..,..,..,..,..,..,..,..,..,..
Sierra Leone,SLE,"Barro-Lee: Average years of total schooling, age 15+, total",BAR.SCHL.15UP,0.54,..,..,..,..,0.67,..,..,..,..,0.84,..,..,..,..,1.1,..,..,..,..,1.4,..,..,..,..,1.75,..,..,..,..,2.09,..,..,..,..,2.46,..,..,..,..,2.78,..,..,..,..,3.22,..,..,..,..,4.23,..,..,..,..,..,..,..,..,..,..,..,..,..,..
Singapore,SGP,"Barro-Lee: Average years of total schooling, age 15+, total",BAR.SCHL.15UP,3.66,..,..,..,..,4.31,..,..,..,..,5.2,..,..,..,..,5.07,..,..,..,..,5.26,..,..,..,..,5.97,..,..,..,..,6.66,..,..,..,..,7.98,..,..,..,..,9.15,..,..,..,..,8.83,..,..,..,..,10.81,..,..,..,..,..,..,..,..,..,..,..,..,..,..
Sint Maarten (Dutch part),SXM,"Barro-Lee: Average years of total schooling, age 15+, total",BAR.SCHL.15UP,..,..,..,..,..,..,..,..,..,..,..,..,..,..,..,..,..,..,..,..,..,..,..,..,..,..,..,..,..,..,..,..,..,..,..,..,..,..,..,..,..,..,..,..,..,..,..,..,..,..,..,..,..,..,..,..,..,..,..,..,..,..,..,..,..
Slovak Republic,SVK,"Barro-Lee: Average years of total schooling, age 15+, total",BAR.SCHL.15UP,8.39,..,..,..,..,9.05,..,..,..,..,9.5,..,..,..,..,9.87,..,..,..,..,10.14,..,..,..,..,10.31,..,..,..,..,10.69,..,..,..,..,11.24,..,..,..,..,11.2,..,..,..,..,12.22,..,..,..,..,12.82,..,..,..,..,..,..,..,..,..,..,..,..,..,..
Slovenia,SVN,"Barro-Lee: Average years of total schooling, age 15+, total",BAR.SCHL.15UP,6.44,..,..,..,..,7.18,..,..,..,..,7.83,..,..,..,..,8.59,..,..,..,..,9.07,..,..,..,..,10.07,..,..,..,..,10.77,..,..,..,..,11.05,..,..,..,..,11.35,..,..,..,..,11.59,..,..,..,..,11.89,..,..,..,..,..,..,..,..,..,..,..,..,..,..
Solomon Islands,SLB,"Barro-Lee: Average years of total schooling, age 15+, total",BAR.SCHL.15UP,..,..,..,..,..,..,..,..,..,..,..,..,..,..,..,..,..,..,..,..,..,..,..,..,..,..,..,..,..,..,..,..,..,..,..,..,..,..,..,..,..,..,..,..,..,..,..,..,..,..,..,..,..,..,..,..,..,..,..,..,..,..,..,..,..
Somalia,SOM,"Barro-Lee: Average years of total schooling, age 15+, total",BAR.SCHL.15UP,..,..,..,..,..,..,..,..,..,..,..,..,..,..,..,..,..,..,..,..,..,..,..,..,..,..,..,..,..,..,..,..,..,..,..,..,..,..,..,..,..,..,..,..,..,..,..,..,..,..,..,..,..,..,..,..,..,..,..,..,..,..,..,..,..
South Africa,ZAF,"Barro-Lee: Average years of total schooling, age 15+, total",BAR.SCHL.15UP,4.4,..,..,..,..,4.45,..,..,..,..,4.61,..,..,..,..,4.83,..,..,..,..,5.11,..,..,..,..,5.11,..,..,..,..,6.81,..,..,..,..,8.29,..,..,..,..,7.68,..,..,..,..,8.65,..,..,..,..,9.69,..,..,..,..,..,..,..,..,..,..,..,..,..,..
South Sudan,SSD,"Barro-Lee: Average years of total schooling, age 15+, total",BAR.SCHL.15UP,..,..,..,..,..,..,..,..,..,..,..,..,..,..,..,..,..,..,..,..,..,..,..,..,..,..,..,..,..,..,..,..,..,..,..,..,..,..,..,..,..,..,..,..,..,..,..,..,..,..,..,..,..,..,..,..,..,..,..,..,..,..,..,..,..
Spain,ESP,"Barro-Lee: Average years of total schooling, age 15+, total",BAR.SCHL.15UP,3.3,..,..,..,..,3.64,..,..,..,..,5.59,..,..,..,..,5.91,..,..,..,..,6.81,..,..,..,..,6.89,..,..,..,..,7.02,..,..,..,..,8.11,..,..,..,..,8.93,..,..,..,..,10.12,..,..,..,..,10.27,..,..,..,..,..,..,..,..,..,..,..,..,..,..
Sri Lanka,LKA,"Barro-Lee: Average years of total schooling, age 15+, total",BAR.SCHL.15UP,4.67,..,..,..,..,5.12,..,..,..,..,6.38,..,..,..,..,6.72,..,..,..,..,6.96,..,..,..,..,7.62,..,..,..,..,8.51,..,..,..,..,9.35,..,..,..,..,10.24,..,..,..,..,10.31,..,..,..,..,10.06,..,..,..,..,..,..,..,..,..,..,..,..,..,..
St. Kitts and Nevis,KNA,"Barro-Lee: Average years of total schooling, age 15+, total",BAR.SCHL.15UP,..,..,..,..,..,..,..,..,..,..,..,..,..,..,..,..,..,..,..,..,..,..,..,..,..,..,..,..,..,..,..,..,..,..,..,..,..,..,..,..,..,..,..,..,..,..,..,..,..,..,..,..,..,..,..,..,..,..,..,..,..,..,..,..,..
St. Lucia,LCA,"Barro-Lee: Average years of total schooling, age 15+, total",BAR.SCHL.15UP,..,..,..,..,..,..,..,..,..,..,..,..,..,..,..,..,..,..,..,..,..,..,..,..,..,..,..,..,..,..,..,..,..,..,..,..,..,..,..,..,..,..,..,..,..,..,..,..,..,..,..,..,..,..,..,..,..,..,..,..,..,..,..,..,..
St. Martin (French part),MAF,"Barro-Lee: Average years of total schooling, age 15+, total",BAR.SCHL.15UP,..,..,..,..,..,..,..,..,..,..,..,..,..,..,..,..,..,..,..,..,..,..,..,..,..,..,..,..,..,..,..,..,..,..,..,..,..,..,..,..,..,..,..,..,..,..,..,..,..,..,..,..,..,..,..,..,..,..,..,..,..,..,..,..,..
St. Vincent and the Grenadines,VCT,"Barro-Lee: Average years of total schooling, age 15+, total",BAR.SCHL.15UP,..,..,..,..,..,..,..,..,..,..,..,..,..,..,..,..,..,..,..,..,..,..,..,..,..,..,..,..,..,..,..,..,..,..,..,..,..,..,..,..,..,..,..,..,..,..,..,..,..,..,..,..,..,..,..,..,..,..,..,..,..,..,..,..,..
Sudan,SDN,"Barro-Lee: Average years of total schooling, age 15+, total",BAR.SCHL.15UP,0.49,..,..,..,..,0.6,..,..,..,..,0.73,..,..,..,..,0.96,..,..,..,..,1.27,..,..,..,..,1.71,..,..,..,..,2.15,..,..,..,..,2.52,..,..,..,..,2.82,..,..,..,..,3.15,..,..,..,..,3.21,..,..,..,..,..,..,..,..,..,..,..,..,..,..
Suriname,SUR,"Barro-Lee: Average years of total schooling, age 15+, total",BAR.SCHL.15UP,..,..,..,..,..,..,..,..,..,..,..,..,..,..,..,..,..,..,..,..,..,..,..,..,..,..,..,..,..,..,..,..,..,..,..,..,..,..,..,..,..,..,..,..,..,..,..,..,..,..,..,..,..,..,..,..,..,..,..,..,..,..,..,..,..
Sweden,SWE,"Barro-Lee: Average years of total schooling, age 15+, total",BAR.SCHL.15UP,7.25,..,..,..,..,7.62,..,..,..,..,8.45,..,..,..,..,9.24,..,..,..,..,9.86,..,..,..,..,10.2,..,..,..,..,10.58,..,..,..,..,11.18,..,..,..,..,11.38,..,..,..,..,11.81,..,..,..,..,11.64,..,..,..,..,..,..,..,..,..,..,..,..,..,..
Switzerland,CHE,"Barro-Lee: Average years of total schooling, age 15+, total",BAR.SCHL.15UP,7.57,..,..,..,..,8.13,..,..,..,..,9.72,..,..,..,..,10.34,..,..,..,..,11.06,..,..,..,..,10.31,..,..,..,..,10.01,..,..,..,..,9.83,..,..,..,..,9.78,..,..,..,..,10.55,..,..,..,..,13.02,..,..,..,..,..,..,..,..,..,..,..,..,..,..
Syrian Arab Republic,SYR,"Barro-Lee: Average years of total schooling, age 15+, total",BAR.SCHL.15UP,1.37,..,..,..,..,1.72,..,..,..,..,2.04,..,..,..,..,2.7,..,..,..,..,3.36,..,..,..,..,4.07,..,..,..,..,4.47,..,..,..,..,4.56,..,..,..,..,4.58,..,..,..,..,5.9,..,..,..,..,6.7,..,..,..,..,..,..,..,..,..,..,..,..,..,..
Tajikistan,TJK,"Barro-Lee: Average years of total schooling, age 15+, total",BAR.SCHL.15UP,4.99,..,..,..,..,5.51,..,..,..,..,6.67,..,..,..,..,7.68,..,..,..,..,8.7,..,..,..,..,9.44,..,..,..,..,9.92,..,..,..,..,10.47,..,..,..,..,10.63,..,..,..,..,10.38,..,..,..,..,10.3,..,..,..,..,..,..,..,..,..,..,..,..,..,..
Tanzania,TZA,"Barro-Lee: Average years of total schooling, age 15+, total",BAR.SCHL.15UP,1.69,..,..,..,..,1.87,..,..,..,..,2.27,..,..,..,..,2.56,..,..,..,..,3.24,..,..,..,..,3.67,..,..,..,..,4.09,..,..,..,..,4.38,..,..,..,..,4.73,..,..,..,..,5.11,..,..,..,..,5.81,..,..,..,..,..,..,..,..,..,..,..,..,..,..
Thailand,THA,"Barro-Lee: Average years of total schooling, age 15+, total",BAR.SCHL.15UP,4.19,..,..,..,..,3.73,..,..,..,..,2.51,..,..,..,..,3.01,..,..,..,..,3.64,..,..,..,..,4.15,..,..,..,..,4.85,..,..,..,..,5.5,..,..,..,..,5.65,..,..,..,..,7.03,..,..,..,..,7.99,..,..,..,..,..,..,..,..,..,..,..,..,..,..
Timor-Leste,TLS,"Barro-Lee: Average years of total schooling, age 15+, total",BAR.SCHL.15UP,..,..,..,..,..,..,..,..,..,..,..,..,..,..,..,..,..,..,..,..,..,..,..,..,..,..,..,..,..,..,..,..,..,..,..,..,..,..,..,..,..,..,..,..,..,..,..,..,..,..,..,..,..,..,..,..,..,..,..,..,..,..,..,..,..
Togo,TGO,"Barro-Lee: Average years of total schooling, age 15+, total",BAR.SCHL.15UP,0.49,..,..,..,..,0.6,..,..,..,..,0.85,..,..,..,..,1.82,..,..,..,..,2.8,..,..,..,..,3.42,..,..,..,..,3.99,..,..,..,..,4.31,..,..,..,..,4.75,..,..,..,..,5.16,..,..,..,..,5.49,..,..,..,..,..,..,..,..,..,..,..,..,..,..
Tonga,TON,"Barro-Lee: Average years of total schooling, age 15+, total",BAR.SCHL.15UP,6.09,..,..,..,..,6.41,..,..,..,..,7.09,..,..,..,..,7.67,..,..,..,..,8.01,..,..,..,..,7.98,..,..,..,..,8.77,..,..,..,..,9.33,..,..,..,..,9.37,..,..,..,..,9.33,..,..,..,..,10.82,..,..,..,..,..,..,..,..,..,..,..,..,..,..
Trinidad and Tobago,TTO,"Barro-Lee: Average years of total schooling, age 15+, total",BAR.SCHL.15UP,5.63,..,..,..,..,5.96,..,..,..,..,6.4,..,..,..,..,6.93,..,..,..,..,7.48,..,..,..,..,7.98,..,..,..,..,8.46,..,..,..,..,9,..,..,..,..,9.51,..,..,..,..,10.08,..,..,..,..,10.63,..,..,..,..,..,..,..,..,..,..,..,..,..,..
Tunisia,TUN,"Barro-Lee: Average years of total schooling, age 15+, total",BAR.SCHL.15UP,0.91,..,..,..,..,1.29,..,..,..,..,1.79,..,..,..,..,2.45,..,..,..,..,3.25,..,..,..,..,3.7,..,..,..,..,4.39,..,..,..,..,5.07,..,..,..,..,5.9,..,..,..,..,6.78,..,..,..,..,7.48,..,..,..,..,..,..,..,..,..,..,..,..,..,..
Turkiye,TUR,"Barro-Lee: Average years of total schooling, age 15+, total",BAR.SCHL.15UP,1.77,..,..,..,..,2.09,..,..,..,..,2.45,..,..,..,..,2.92,..,..,..,..,3.55,..,..,..,..,4.58,..,..,..,..,5.01,..,..,..,..,5.44,..,..,..,..,6.1,..,..,..,..,6.47,..,..,..,..,7.05,..,..,..,..,..,..,..,..,..,..,..,..,..,..
Turkmenistan,TKM,"Barro-Lee: Average years of total schooling, age 15+, total",BAR.SCHL.15UP,..,..,..,..,..,..,..,..,..,..,..,..,..,..,..,..,..,..,..,..,..,..,..,..,..,..,..,..,..,..,..,..,..,..,..,..,..,..,..,..,..,..,..,..,..,..,..,..,..,..,..,..,..,..,..,..,..,..,..,..,..,..,..,..,..
Turks and Caicos Islands,TCA,"Barro-Lee: Average years of total schooling, age 15+, total",BAR.SCHL.15UP,..,..,..,..,..,..,..,..,..,..,..,..,..,..,..,..,..,..,..,..,..,..,..,..,..,..,..,..,..,..,..,..,..,..,..,..,..,..,..,..,..,..,..,..,..,..,..,..,..,..,..,..,..,..,..,..,..,..,..,..,..,..,..,..,..
Tuvalu,TUV,"Barro-Lee: Average years of total schooling, age 15+, total",BAR.SCHL.15UP,..,..,..,..,..,..,..,..,..,..,..,..,..,..,..,..,..,..,..,..,..,..,..,..,..,..,..,..,..,..,..,..,..,..,..,..,..,..,..,..,..,..,..,..,..,..,..,..,..,..,..,..,..,..,..,..,..,..,..,..,..,..,..,..,..
Uganda,UGA,"Barro-Lee: Average years of total schooling, age 15+, total",BAR.SCHL.15UP,1.16,..,..,..,..,1.24,..,..,..,..,1.52,..,..,..,..,1.93,..,..,..,..,2.29,..,..,..,..,2.86,..,..,..,..,3.48,..,..,..,..,3.97,..,..,..,..,4.33,..,..,..,..,4.97,..,..,..,..,5.7,..,..,..,..,..,..,..,..,..,..,..,..,..,..
Ukraine,UKR,"Barro-Lee: Average years of total schooling, age 15+, total",BAR.SCHL.15UP,5.57,..,..,..,..,6.07,..,..,..,..,6.26,..,..,..,..,7.02,..,..,..,..,7.81,..,..,..,..,8.82,..,..,..,..,9.53,..,..,..,..,10.15,..,..,..,..,10.45,..,..,..,..,10.97,..,..,..,..,11.15,..,..,..,..,..,..,..,..,..,..,..,..,..,..
United Arab Emirates,ARE,"Barro-Lee: Average years of total schooling, age 15+, total",BAR.SCHL.15UP,1.5,..,..,..,..,2.09,..,..,..,..,2.54,..,..,..,..,2.99,..,..,..,..,3.89,..,..,..,..,4.9,..,..,..,..,6.11,..,..,..,..,7.51,..,..,..,..,8.43,..,..,..,..,8.89,..,..,..,..,9.07,..,..,..,..,..,..,..,..,..,..,..,..,..,..
United Kingdom,GBR,"Barro-Lee: Average years of total schooling, age 15+, total",BAR.SCHL.15UP,6.3,..,..,..,..,6.83,..,..,..,..,7.91,..,..,..,..,8.25,..,..,..,..,8.41,..,..,..,..,8.68,..,..,..,..,9.1,..,..,..,..,9.44,..,..,..,..,9.92,..,..,..,..,11.1,..,..,..,..,12.24,..,..,..,..,..,..,..,..,..,..,..,..,..,..
United States,USA,"Barro-Lee: Average years of total schooling, age 15+, total",BAR.SCHL.15UP,9.18,..,..,..,..,10.04,..,..,..,..,10.78,..,..,..,..,11.46,..,..,..,..,12.03,..,..,..,..,12.08,..,..,..,..,12.2,..,..,..,..,12.59,..,..,..,..,12.64,..,..,..,..,12.86,..,..,..,..,13.18,..,..,..,..,..,..,..,..,..,..,..,..,..,..
Uruguay,URY,"Barro-Lee: Average years of total schooling, age 15+, total",BAR.SCHL.15UP,4.84,..,..,..,..,5.18,..,..,..,..,5.7,..,..,..,..,6.16,..,..,..,..,6.7,..,..,..,..,7.24,..,..,..,..,7.45,..,..,..,..,7.57,..,..,..,..,8.07,..,..,..,..,7.96,..,..,..,..,8.17,..,..,..,..,..,..,..,..,..,..,..,..,..,..
Uzbekistan,UZB,"Barro-Lee: Average years of total schooling, age 15+, total",BAR.SCHL.15UP,..,..,..,..,..,..,..,..,..,..,..,..,..,..,..,..,..,..,..,..,..,..,..,..,..,..,..,..,..,..,..,..,..,..,..,..,..,..,..,..,..,..,..,..,..,..,..,..,..,..,..,..,..,..,..,..,..,..,..,..,..,..,..,..,..
Vanuatu,VUT,"Barro-Lee: Average years of total schooling, age 15+, total",BAR.SCHL.15UP,..,..,..,..,..,..,..,..,..,..,..,..,..,..,..,..,..,..,..,..,..,..,..,..,..,..,..,..,..,..,..,..,..,..,..,..,..,..,..,..,..,..,..,..,..,..,..,..,..,..,..,..,..,..,..,..,..,..,..,..,..,..,..,..,..
"Venezuela, RB",VEN,"Barro-Lee: Average years of total schooling, age 15+, total",BAR.SCHL.15UP,3.12,..,..,..,..,3.34,..,..,..,..,3.28,..,..,..,..,4.31,..,..,..,..,5.27,..,..,..,..,5.12,..,..,..,..,4.97,..,..,..,..,5.86,..,..,..,..,6.71,..,..,..,..,7.51,..,..,..,..,8.41,..,..,..,..,..,..,..,..,..,..,..,..,..,..
Viet Nam,VNM,"Barro-Lee: Average years of total schooling, age 15+, total",BAR.SCHL.15UP,2.68,..,..,..,..,3.3,..,..,..,..,3.97,..,..,..,..,4.56,..,..,..,..,5.16,..,..,..,..,4.64,..,..,..,..,4.1,..,..,..,..,4.85,..,..,..,..,5.64,..,..,..,..,6.42,..,..,..,..,7.15,..,..,..,..,..,..,..,..,..,..,..,..,..,..
Virgin Islands (U.S.),VIR,"Barro-Lee: Average years of total schooling, age 15+, total",BAR.SCHL.15UP,..,..,..,..,..,..,..,..,..,..,..,..,..,..,..,..,..,..,..,..,..,..,..,..,..,..,..,..,..,..,..,..,..,..,..,..,..,..,..,..,..,..,..,..,..,..,..,..,..,..,..,..,..,..,..,..,..,..,..,..,..,..,..,..,..
West Bank and Gaza,PSE,"Barro-Lee: Average years of total schooling, age 15+, total",BAR.SCHL.15UP,..,..,..,..,..,..,..,..,..,..,..,..,..,..,..,..,..,..,..,..,..,..,..,..,..,..,..,..,..,..,..,..,..,..,..,..,..,..,..,..,..,..,..,..,..,..,..,..,..,..,..,..,..,..,..,..,..,..,..,..,..,..,..,..,..
"Yemen, Rep.",YEM,"Barro-Lee: Average years of total schooling, age 15+, total",BAR.SCHL.15UP,0.04,..,..,..,..,0.05,..,..,..,..,0.06,..,..,..,..,0.09,..,..,..,..,0.23,..,..,..,..,0.61,..,..,..,..,1.2,..,..,..,..,1.67,..,..,..,..,2.34,..,..,..,..,3,..,..,..,..,3.68,..,..,..,..,..,..,..,..,..,..,..,..,..,..
Zambia,ZMB,"Barro-Lee: Average years of total schooling, age 15+, total",BAR.SCHL.15UP,2.26,..,..,..,..,2.57,..,..,..,..,2.98,..,..,..,..,3.65,..,..,..,..,4.17,..,..,..,..,4.61,..,..,..,..,4.89,..,..,..,..,6.01,..,..,..,..,6.16,..,..,..,..,6.42,..,..,..,..,7.32,..,..,..,..,..,..,..,..,..,..,..,..,..,..
Zimbabwe,ZWE,"Barro-Lee: Average years of total schooling, age 15+, total",BAR.SCHL.15UP,2.52,..,..,..,..,2.71,..,..,..,..,3.01,..,..,..,..,3.45,..,..,..,..,3.89,..,..,..,..,4.67,..,..,..,..,5.73,..,..,..,..,6.7,..,..,..,..,7,..,..,..,..,7.47,..,..,..,..,7.61,..,..,..,..,..,..,..,..,..,..,..,..,..,..
